comparison_id,india_product_id,india_product_name,foreign_product_id,foreign_product_name,embedding_similarity_score
1,IN_8901719134845,Parle-G Biscuit,UK_8410376049602,Digestive biscuits,0.6915
2,IN_8901719134852,Parle G biscuit,UK_8410376049602,Digestive biscuits,0.7025
3,IN_8901063139329,bourbon,UK_5054402919854,BOURBON CREAMS,0.6677
4,IN_8906010500764,balaji wafers chataka pataka,UK_4088600226736,Savoury Crackers Lightly Salted,0.679
5,IN_8901063093522,Good Day - Cashew Cookies,UK_00130509,Wheat Biscuits,0.6626
6,IN_8901063162914,Marie Gold Biscuit,UK_5000168001210,McVities Rich Tea Biscuits,0.6755
7,IN_8906010500245,Balaji Wafers Masala Sev Murmura,UK_7613034989253,Lion,0.488
8,IN_7622202225512,Original Oreo,UK_7622202219214,Brunch Choc Chip,0.6958
9,IN_8901063092853,Good Day cashew cookie,UK_00130509,Wheat Biscuits,0.6449
10,IN_8901719129988,Happy happy - Parl,UK_2000000028573,Happy Hippo Cacao,0.6179
11,IN_8901063029255,Jimjam 57g (57),UK_5000168001210,McVities Rich Tea Biscuits,0.68
12,IN_8901719135248,Krackjack,UK_5000168001210,McVities Rich Tea Biscuits,0.6194
13,IN_8996001312506,Malkist Cheese Flavoured Crunchy Layered Cracker Biscuits,UK_5059697770203,Salt & pepper crackers,0.7129
14,IN_8901058005233,Kitkat mini chocolate coated wafer,UK_7613287430984,Vegan KitKat,0.8303
15,IN_8901063023901,Marie Gold,UK_7622202219214,Brunch Choc Chip,0.6689
16,IN_8901719135118,MONACO,UK_5000119014436,Water Biscuits,0.6027
17,IN_8901063162532,Marie gold,UK_5000168001210,McVities Rich Tea Biscuits,0.6087
18,IN_8906032018513,Doodh Biscuits,UK_8410376049602,Digestive biscuits,0.6639
19,IN_8901719121630,20-20,UK_8410376049602,Digestive biscuits,0.646
20,IN_8901719105913,parle hide & seek 120g,UK_5000119002402,Tesco Malted Milk Biscuits 200G,0.5794
21,IN_8901719130014,Happy happy biscuit - Parle - Parle,UK_2000000028573,Happy Hippo Cacao,0.5959
22,IN_7622202225550,Oreo choco,UK_7622202219214,Brunch Choc Chip,0.6829
23,IN_8901719117183,Hide & Seek,UK_8410376049602,Digestive biscuits,0.6
24,IN_8901719135217,Krackjack,UK_5000168001210,McVities Rich Tea Biscuits,0.6194
25,IN_8901063093287,Good Day Cashew Cookies,UK_00130509,Wheat Biscuits,0.6328
26,IN_8901063014411,Vita Marie Gold,UK_5000168001210,McVities Rich Tea Biscuits,0.5852
27,IN_8901725015275,Dark Fantasy,UK_4017100287343,CHOCO LEIBNIZ Dark,0.5436
28,IN_8906010500870,BALAJI CREAM ONION,UK_7613038874906,Sweet potato curry seasoning,0.4869
29,IN_8901123001214,Lotte Choco Pie,UK_01705461,Rough oatcakes,0.5794
30,IN_8901063019188,Little Hearts,UK_7622202219214,Brunch Choc Chip,0.5859
31,IN_8901719135729,Biscuit,UK_8410376049602,Digestive biscuits,0.7915
32,IN_8901063139213,Brit bourbon 150g (sys),UK_7622202219214,Brunch Choc Chip,0.6817
33,IN_8901063014299,Britannia Vita Marie Gold Biscuits,UK_00130509,Wheat Biscuits,0.6832
34,IN_8901063019201,8901063019201,UK_00130509,Wheat Biscuits,0.5824
35,IN_8901063029279,Jimjam,UK_5000168001210,McVities Rich Tea Biscuits,0.6702
36,IN_8901063016873,50-50,UK_5000168001210,McVities Rich Tea Biscuits,0.6535
37,IN_8901063142664,britannia,UK_5000168001210,McVities Rich Tea Biscuits,0.6012
38,IN_8901491100533,Chilli Chatka 20rs,UK_8445291254107,Cookie Crisp,0.6897
39,IN_8906010500030,Malasa Masti,UK_50823093,MILK CHOCOLATE CARAMEL WAFER BISCUIT,0.533
40,IN_8901725016296,Dark Fantasy Bourbon Biscuit,UK_4017100287343,CHOCO LEIBNIZ Dark,0.6786
41,IN_8901719130144,Parle Hide & Seek Cookies,UK_7622202219214,Brunch Choc Chip,0.6931
42,IN_8901063012868,Milk bikis biscuits,UK_7622202019265,BREAKFAST Honey & Nut with choc chips,0.6642
43,IN_8901063162464,BRITANNIA marie GOLD,UK_5000168001210,McVities Rich Tea Biscuits,0.5602
44,IN_8901719100369,Parle Bis Hide &seek,UK_5059697744303,Digestive,0.5846
45,IN_8906010503550,Wafers,UK_50823093,MILK CHOCOLATE CARAMEL WAFER BISCUIT,0.5807
46,IN_8901058005080,Munch Max,UK_7613039869123,Aero Peppermint Chocolate Bar,0.8171
47,IN_19017198,Parle tostea 1kg,UK_5063334010621,Digestives,0.5695
48,IN_8909081005046,Dark Fantasy Choco Fills,UK_4017100287343,CHOCO LEIBNIZ Dark,0.6997
49,IN_8901725000622,sunfeast Mom,UK_5059320000424,Pop tarts hot fudge sundae 4 x 2 Stück,0.5961
50,IN_8901063092822,BRITANNIA Good day  BUTTER COOKIES,UK_5056357999639,Protein Cookie,0.5556
51,IN_8901058022179,Munch,UK_7613034989253,Lion,0.7321
52,IN_8901063367173,5050 Maska Chaska,UK_5056357999639,Protein Cookie,0.6149
53,IN_8901063142015,Nutri Choice,UK_5063334010621,Digestives,0.7162
54,IN_8901725012953,sunfeast Marie light 10 MRP,UK_5000168001210,McVities Rich Tea Biscuits,0.6553
55,IN_8901063017627,Brit 50-50 maska chaska 40g (20),UK_5000168001210,McVities Rich Tea Biscuits,0.6202
56,IN_8906009803777,Waffy - choco flavoured wafer roll,UK_50823093,MILK CHOCOLATE CARAMEL WAFER BISCUIT,0.7581
57,IN_8906010500269,Poprings Masala flavour,UK_5000243678702,Authentic Indian Masala Chilli Sauce,0.5284
58,IN_8901719125348,8901719125348,UK_4061463564061,Unknown Product,0.5884
59,IN_8906009070834,Unibic cashew badam cookies 500g,UK_8445291254107,Cookie Crisp,0.6092
60,IN_8901063093089,Good day Cashew,UK_00130509,Wheat Biscuits,0.6406
61,IN_8909081001123,Bounce Chocho,UK_4017100207136,CHOCO LEIBNIZ milk,0.7399
62,IN_8901719129179,PARLE COCONUT,UK_0612322001063,Coconut & Chia Oat Biscuits imp,0.6131
63,IN_8901719126468,parle 20-20,UK_8410376049602,Digestive biscuits,0.6033
64,IN_8906032018810,Patanjali Doodh biscuits,UK_8410376049602,Digestive biscuits,0.6856
65,IN_8901725015886,Dark Fantasy Choco Fills,UK_4017100287343,CHOCO LEIBNIZ Dark,0.6997
66,IN_8901058904741,Nestle kit Kat (Ind),UK_8445291524545,Kit Kat,0.8589
67,IN_8901063142244,Nutri choice zero,UK_00130509,Wheat Biscuits,0.659
68,IN_8901719135156,PARLE MONACO,UK_4017100287343,CHOCO LEIBNIZ Dark,0.5015
69,IN_8901719127106,NG,UK_00130509,Wheat Biscuits,0.6774
70,IN_8901063162648,Britannia Marie Gold,UK_5000168001210,McVities Rich Tea Biscuits,0.5602
71,IN_8906009079165,Unibic Choco Chip Cookies,UK_7622202219214,Brunch Choc Chip,0.5992
72,IN_8901725015015,8901725015015,UK_00130509,Wheat Biscuits,0.5373
73,IN_8901719135767,Parle-G ROYALE,UK_5000168036670,Digestives The Original Twin Pack,0.561
74,IN_8909081005053,8909081005053,UK_4017100207136,CHOCO LEIBNIZ milk,0.6087
75,IN_8901063139336,Britannia bourbon 100g,UK_00130509,Wheat Biscuits,0.5848
76,IN_8901063142466,Nutri Choice Digestive,UK_5063334010621,Digestives,0.7205
77,IN_8908008674808,Wafer,UK_50823093,MILK CHOCOLATE CARAMEL WAFER BISCUIT,0.7505
78,IN_8901063004139,Britannia Good day Chocolate Cookies 400g,UK_7622202219214,Brunch Choc Chip,0.6561
79,IN_8901063028234,Unknown Product,UK_4061463564061,Unknown Product,0.741
80,IN_8901719134937,Parle g dark biscuits,UK_8410376049602,Digestive biscuits,0.6887
81,IN_8901725016234,Sunfeast Dark Fantasy Bourbon,UK_4017100287343,CHOCO LEIBNIZ Dark,0.6558
82,IN_8906010500214,Balaji Wafers Sev Murmura,UK_5060088701690,Cashew Cookie Raw Fruit & Nut WholefoodBars,0.6043
83,IN_8901499008169,Chocos,UK_5059319035895,Oaties Choco crunch,0.8108
84,IN_8901491103794,Oats,UK_5059319035741,Oaties,0.6293
85,IN_8901499010513,"Muesli Fruit, Nut & Seeds",UK_5053827111300,Crunchy Nut Granola Fruit & Nut,0.8671
86,IN_8901088068734,Saffola Masala Oats - Classic Masala,UK_29436156,Oat Crunch,0.5553
87,IN_8908005144632,Muesli dark chocolate cranberry,UK_5060088701607,Cashew Cookie Fruit & Nut Bar,0.5366
88,IN_8901491103800,Oats,UK_29436156,Oat Crunch,0.6374
89,IN_8906136651968,High Protein Oats Chocolate,UK_5059320001452,Oaties Honey & Oat,0.6517
90,IN_8901499023339,"Muesli Fruit, Nut & Seeds",UK_5053827111300,Crunchy Nut Granola Fruit & Nut,0.8319
91,IN_8901491702188,Oats,UK_29436156,Oat Crunch,0.6374
92,IN_8901088213608,Saffola Oats,UK_29436156,Oat Crunch,0.602
93,IN_8906113490887,Tata Soulfull Millet Muesli,UK_03677302,Nutella,0.4602
94,IN_8908005144618,Yoga Bar Super Muesli 0% Added Sugar,UK_5060058332152,Actimel strawberry 0% added sugar 0% fat,0.5348
95,IN_8901499010483,Kelloggs Muesli,UK_5053827111300,Crunchy Nut Granola Fruit & Nut,0.8244
96,IN_8906127550850,High protein super oats chocolate,UK_5059319016481,Crunchy Oat Granola Dark Chocolate Curls,0.6464
97,IN_8904335601869,Yoga bar 23G protein muesli + choco almond + cranberry,UK_5060088701690,Cashew Cookie Raw Fruit & Nut WholefoodBars,0.587
98,IN_8901499010742,Chocos Crunchy Bites,UK_5059319035895,Oaties Choco crunch,0.8571
99,IN_8904335601951,100% Rolled Oats,UK_29436156,Oat Crunch,0.5585
100,IN_8908005144649,Muesli+ (Fruits + Nuts & Seeds),UK_5060088701690,Cashew Cookie Raw Fruit & Nut WholefoodBars,0.6286
101,IN_8901499008800,Kellogg's chochos,UK_5059319035895,Oaties Choco crunch,0.819
102,IN_8902710500752,Nutty Fruity Muesli,UK_5053827105453,Crunchy Nut Granola,0.7944
103,IN_8901088155496,Saffola oats,UK_29436156,Oat Crunch,0.5809
104,IN_8901088055772,Oats,UK_29436156,Oat Crunch,0.636
105,IN_8901499008244,Chocos Moons & Stars,UK_5059319035895,Oaties Choco crunch,0.7582
106,IN_8904335601890,Yoga bar High Protein Muesli+,UK_5060088701690,Cashew Cookie Raw Fruit & Nut WholefoodBars,0.5203
107,IN_8901499009043,kelloggs chocos multigrain,UK_5059319035895,Oaties Choco crunch,0.756
108,IN_8901499010728,Kellogg's chocos,UK_5059319035895,Oaties Choco crunch,0.84
109,IN_8906136651951,Pintola High Protein Oats Dark Chocolate,UK_5050083542787,NUTRI-GRAIN Strawberry,0.6455
110,IN_8901499009708,Kellogg's Choco fills,UK_5059319035895,Oaties Choco crunch,0.7843
111,IN_8901491363020,Chilli Chatka,UK_4088600109411,Corn Flakes,0.6399
112,IN_8901499008183,Corn Flakes Original,UK_5000127010093,Corn Flakes,0.968
113,IN_8901499009623,Chocos Fills,UK_5059319035895,Oaties Choco crunch,0.7672
114,IN_8906080349652,"Murmura, Kurmura",UK_5060430291909,Spanish butter bean stew,0.5485
115,IN_0641837433199,Protein Oats,UK_29436156,Oat Crunch,0.5468
116,IN_8906136651982,High Protein Muesli,UK_5053827105453,Crunchy Nut Granola,0.459
117,IN_8901042967325,MTR POHA 60 g,UK_7613031473090,Shredded Wheat 16s imp,0.6268
118,IN_8901499010704,Chocos,UK_5059319035895,Oaties Choco crunch,0.8613
119,IN_8903363007643,Nutri Delite Crunchies,UK_5053827186797,Nutri-Grain Strawberry,0.7224
120,IN_8901499010711,Kellogg'sCHOCOS,UK_5059319022550,KRAVE Milk Chocolate,0.7583
121,IN_8901499011398,Kellogg's Museli Nuts delight,UK_5053827111300,Crunchy Nut Granola Fruit & Nut,0.7085
122,IN_8901499006936,Kellogg's Chocos,UK_5059319035895,Oaties Choco crunch,0.8176
123,IN_8906112662803,Muesli,UK_5053827111300,Crunchy Nut Granola Fruit & Nut,0.5511
124,IN_8906112662414,Rolled oats,UK_29436156,Oat Crunch,0.5555
125,IN_8904335600343,chocolate cranberry museli,UK_5060088701690,Cashew Cookie Raw Fruit & Nut WholefoodBars,0.6136
126,IN_8901499008190,Corn flakes,UK_5000127010093,Corn Flakes,1.0
127,IN_8901499009135,Corn Flakes Original,UK_5000127010093,Corn Flakes,0.968
128,IN_8901499010476,Unknown Product,UK_5053827105453,Crunchy Nut Granola,0.6505
129,IN_8901088213974,Creamy Oats,UK_5059319035741,Oaties,0.6863
130,IN_8901088772433,Saffola Masala Millets,UK_7613036147651,Original Shredded Wheat,0.6543
131,IN_8904335600800,Rolled Oats,UK_29436156,Oat Crunch,0.6078
132,IN_8906136651975,High Protein Muesli,UK_5053827105453,Crunchy Nut Granola,0.459
133,IN_8906008350500,Oats,UK_5000168034928,Hobnobs,0.602
134,IN_8901499010216,Corn Flakes1.20 kg,UK_5000127014084,CORN FLAKES 1kg,0.9579
135,IN_8901491103787,Flocon d'avoine pour poridg,UK_5059319035741,Oaties,0.5244
136,IN_8904335600756,Yoga bar oats dark chocolate,UK_5059320001452,Oaties Honey & Oat,0.6699
137,IN_8901499010773,Chocos Moons and Stars,UK_5059319002750,Kellogg's choco wheat,0.7655
138,IN_8903363007636,Nutri Delite 2 in 1s,UK_5059319002811,Raisin Wheats,0.7067
139,IN_8901499008893,Kellogg's Corn flakes original,UK_5059319030517,kelloggs corn flakes,0.9698
140,IN_8901499008343,CornFlakes Almond Honey,UK_5059319033501,Cornflakes,0.8868
141,IN_8904320002565,OATS,UK_5000168034928,Hobnobs,0.576
142,IN_8906127551086,Alpino Super Oats Chocolate,UK_5059319035741,Oaties,0.6152
143,IN_8901499010230,Oats,UK_5059319035741,Oaties,0.617
144,IN_8901058003970,Unknown Product,UK_7613036147651,Original Shredded Wheat,0.8076
145,IN_8906113490894,Soulfull Millet muesli,UK_8445290044983,Chickem korma,0.467
146,IN_8901088759533,Masala Oats Classic Masala,UK_7613036147651,Original Shredded Wheat,0.6331
147,IN_8904335600329,Dark Chocolate And Cranberry Muesli,UK_5059319016481,Crunchy Oat Granola Dark Chocolate Curls,0.616
148,IN_8901499008299,Corn Flakes Original,UK_5000127010093,Corn Flakes,0.968
149,IN_8908002984965,Millet muesli,UK_5053827111300,Crunchy Nut Granola Fruit & Nut,0.5477
150,IN_8906113490801,Masala Oats and Millets,UK_5059320001452,Oaties Honey & Oat,0.5925
151,IN_8901499011466,Corn Flakes Real Almond Honey,UK_5050083392863,Crunchy Nut,0.8559
152,IN_8904335600312,YogaBar Muesli+,UK_5060088701690,Cashew Cookie Raw Fruit & Nut WholefoodBars,0.6027
153,IN_8903363008770,Oats,UK_5059319035741,Oaties,0.6169
154,IN_8904132928657,Oats,UK_29436156,Oat Crunch,0.6621
155,IN_8908003833002,Mamra / Murmura / Roasted Rice,UK_5997523315559,Cup Noodles Soba Wok Style Teriyaki,0.5263
156,IN_8901499011176,kellogs froot loops,UK_5059319005492,Kellogs crunchy nut granola red berries,0.6658
157,IN_8906127551437,high protein super oats,UK_5059319035741,Oaties,0.5651
158,IN_8901499011992,Kellogg's Chocolate Muesli,UK_5059319016481,Crunchy Oat Granola Dark Chocolate Curls,0.7851
159,IN_8904335602521,Chocolate Muesli,UK_5060088701690,Cashew Cookie Raw Fruit & Nut WholefoodBars,0.6393
160,IN_8901499008176,Kelloggs Corn Flakes,UK_5059319030517,kelloggs corn flakes,1.0
161,IN_8906002348169,Poha Mota,UK_5997523315559,Cup Noodles Soba Wok Style Teriyaki,0.6207
162,IN_8901499009289,Cornflakes Almond Honey (Kellogg's),UK_5050083392863,Crunchy Nut,0.8764
163,IN_8902710100150,White Oats,UK_29436156,Oat Crunch,0.6521
164,IN_8901499009715,Kelloggs Crunchy Granola Almonds & Cranberries,UK_5053827186797,Nutri-Grain Strawberry,0.7868
165,IN_8906014903592,Muesli Fruit & Nut,UK_5053827111300,Crunchy Nut Granola Fruit & Nut,0.6897
166,IN_8901499010506,Muesli With 20% Nuts Delight,UK_5053827111300,Crunchy Nut Granola Fruit & Nut,0.8112
167,IN_7622202334009,dairy milk,UK_7622202219214,Brunch Choc Chip,0.6872
168,IN_8901262070546,Chocominis,UK_5020411121281,Kinder Surprise,0.6337
169,IN_7622202325960,Bournville Intense 70% Dark,UK_4017100287343,CHOCO LEIBNIZ Dark,0.5924
170,IN_7622202318078,5 Star Chocolate Bar,UK_7613036193047,Matchmakers Cool Mint,0.7199
171,IN_8901262070676,Dark Chocolate,UK_7613036193047,Matchmakers Cool Mint,0.6957
172,IN_7622202272639,Cadbury Dairy Milk,UK_7622202219214,Brunch Choc Chip,0.6694
173,IN_7622202324260,Dairy Milk Chocolate,UK_5020411121281,Kinder Surprise,0.6912
174,IN_8901058875577,Milkybar,UK_8000300430493,Milkybar,0.8553
175,IN_8901262071864,99% Cacao Ultimate Dark Chocolate,UK_8000300430493,Milkybar,0.5764
176,IN_8901058861921,Milky bar,UK_8000300430493,Milkybar,0.8838
177,IN_8901123005403,Lotto Choco Pie With Rich Marshmallow,UK_4017100207136,CHOCO LEIBNIZ milk,0.6418
178,IN_8901058903966,Milkybar Moosha,UK_8000300430493,Milkybar,0.7355
179,IN_7622201762063,Dairy milk chocolate,UK_7622202219214,Brunch Choc Chip,0.6612
180,IN_7622202245558,Cadbury Dairy Milk,UK_7622202219214,Brunch Choc Chip,0.6814
181,IN_8901262070454,Amul Dark Chocolate,UK_5000426171518,AFTER EIGHT Coffret 300g,0.6469
182,IN_8902433005763,70%coCÓA,UK_6294001815266,Galaxy SMOOTH DARK,0.7472
183,IN_7622202307171,shots,UK_8445290146434,Quality Street,0.698
184,IN_8901262071048,Amul Sugar free chocolate,UK_50251797,Polo Mint Sugarfree 34g,0.667
185,IN_80135890,Kinder joy boy,UK_5020411117604,Mini Eggs,0.7951
186,IN_7622202325991,50% Dark Chocolate,UK_4017100287343,CHOCO LEIBNIZ Dark,0.6545
187,IN_89008492,Milkybar,UK_8000300430493,Milkybar,0.9072
188,IN_7622202324871,Gadour Dairy milk chocolate fruit & nut,UK_7613036193047,Matchmakers Cool Mint,0.6436
189,IN_8901058018639,Milkybar,UK_8000300430493,Milkybar,0.8644
190,IN_7622202346385,Cadbury Dairy Milk,UK_7622202219214,Brunch Choc Chip,0.7066
191,IN_8901262070539,FRUIT N' NUT Dark Chocolate,UK_5000426171518,AFTER EIGHT Coffret 300g,0.6585
192,IN_7622202030819,Cranberry,UK_7622202219214,Brunch Choc Chip,0.6535
193,IN_7622202025426,Dairy milk,UK_8711327611757,Magnum Almond,0.6615
194,IN_7622202290428,Dairy Milk Silk Roast Almond,UK_8711327611757,Magnum Almond,0.6982
195,IN_7622202237942,Cadbury dairy milk,UK_7622202219214,Brunch Choc Chip,0.6532
196,IN_8000500126936,Ferrero Rocher,UK_4017100207136,CHOCO LEIBNIZ milk,0.7702
197,IN_8901262071703,Twilight Tryst Single Origin Dark Chocolate,UK_8000300430493,Milkybar,0.6742
198,IN_7622202031618,nutties,UK_5020411121281,Kinder Surprise,0.7211
199,IN_8906002484003,Snickers,UK_5000159563574,Mars,0.8819
200,IN_8902433003134,SNICKERS BUTTERSCOTCH FLAVOUR,UK_5000159410410,Assortiment de barres au chocolat au lait,0.6575
201,IN_8901058009439,munch,UK_7613036241755,Munchies,0.8661
202,IN_7622202326110,Oreo Silk,UK_7622202219214,Brunch Choc Chip,0.6518
203,IN_7622202324604,Dairy Milk Family Pack,UK_7622202219214,Brunch Choc Chip,0.6724
204,IN_7622202329494,Dairy Milk (Classic milk chocolate variant),UK_7622202219214,Brunch Choc Chip,0.658
205,IN_7622202326202,Dairy Milk Silk Fruit and Nut Chocolate Bar,UK_8000500209806,Chocolate with cereals,0.7405
206,IN_7622202818332,Unknown Product,UK_5060002044018,Unknown Product,0.6866
207,IN_7622202030758,Dark Chocolate,UK_7622202219214,Brunch Choc Chip,0.694
208,IN_7622202030840,Bournville 50% Dark,UK_7613036193047,Matchmakers Cool Mint,0.6988
209,IN_7622202294396,Unknown Product,UK_8000300430493,Milkybar,0.5668
210,IN_8901262070836,Amul Bitter Chocolate,UK_6294001815266,Galaxy SMOOTH DARK,0.5974
211,IN_8906051682207,Dark Chocolate Compound,UK_7613287238474,Milky bar,0.6945
212,IN_8901262071130,Amul 90% Bitter Intense Dark Chocolate,UK_6294001815266,Galaxy SMOOTH DARK,0.6073
213,IN_8909081000249,Dark Fantasy,UK_4017100207136,CHOCO LEIBNIZ milk,0.7482
214,IN_8901262070324,Sugar free dark chocolate,UK_50251797,Polo Mint Sugarfree 34g,0.6569
215,IN_7622202329555,Fruit And Nut,UK_5010238015252,Milk Chocolatey Strawberry Fruity Lollies,0.7018
216,IN_7622202324758,Crispello,UK_8000500167656,Kinder Country,0.7305
217,IN_7622202325847,Rum and Raising,UK_7613036193047,Matchmakers Cool Mint,0.6261
218,IN_7622201710606,5 star chocolate,UK_7613287238474,Milky bar,0.6732
219,IN_8901058852165,KitKat,UK_8445291255999,Nestlé KitKat,0.9408
220,IN_8901058005905,KitKat Dark Chocolate Coated Wafer,UK_8445291255999,Nestlé KitKat,0.7828
221,IN_8901262071086,Dark Passion Coated Wafer Layers,UK_8711327575011,White Chocolate Ice Cream,0.6054
222,IN_7622202398735,Dairy Milk Chocolate,UK_7622202219214,Brunch Choc Chip,0.7144
223,IN_8902433005688,Galaxy Fusions Dark Chocolate,UK_6294001815266,Galaxy SMOOTH DARK,0.8281
224,IN_7622202292927,Silk Hearts And Roses Tiny Treats,UK_5020411117604,Mini Eggs,0.6477
225,IN_7622202294426,Temptations rum & raisins,UK_7613034043870,YORKIE DUO RAISIN & BISCUIT,0.667
226,IN_8906020491342,Mysore pak,UK_50251797,Polo Mint Sugarfree 34g,0.6015
227,IN_7622202290756,Silk Ganache,UK_7613036193047,Matchmakers Cool Mint,0.655
228,IN_7622202320330,Cadbury 5 Star Oreo,UK_7622202219214,Brunch Choc Chip,0.6761
229,IN_7622202818301,Dairy Milk,UK_50823093,MILK CHOCOLATE CARAMEL WAFER BISCUIT,0.588
230,IN_7622202398698,Cadbury Dairy Milk,UK_7622202219214,Brunch Choc Chip,0.6915
231,IN_8902433005732,Galaxy Fusions,UK_5000159022521,Ripple Chocolate Bar,0.7317
232,IN_8902433003677,Galaxy smooth Milk,UK_5000159022521,Ripple Chocolate Bar,0.6955
233,IN_7622201415662,Dairymilk crispello,UK_8445290146434,Quality Street,0.6565
234,IN_8906143890510,The Whole Truth Hazelnut Dark Chocolate,UK_8000500397459,Nutella,0.5892
235,IN_8901262072670,55 % dark chocolate,UK_6294001815266,Galaxy SMOOTH DARK,0.6417
236,IN_8901262072267,Amul White Chocolate,UK_7613036193047,Matchmakers Cool Mint,0.68
237,IN_6942836717957,Cream Milk Chocolate,UK_4017100207136,CHOCO LEIBNIZ milk,0.6596
238,IN_7622202329586,Dairy Milk Crackle,UK_7613036193047,Matchmakers Cool Mint,0.639
239,IN_8906144680127,Milk Chocolate Chips,UK_7622202219214,Brunch Choc Chip,0.6763
240,IN_8906088701223,Wicked Dark Chocolate 85%,UK_7613036193047,Matchmakers Cool Mint,0.5793
241,IN_8901071704892,Choco Delights,UK_8000500209806,Chocolate with cereals,0.6051
242,IN_7622202326059,Dairy Milk Silk Mousse,UK_3023290624012,Aero milk chocolate,0.6029
243,IN_8901233030548,Cadbury Dairy Milk,UK_8445290146434,Quality Street,0.6669
244,IN_7622201761530,Fruit & Nut Silk,UK_8711327611757,Magnum Almond,0.6829
245,IN_7622201150242,Dairy milk chocolate fruit and nut,UK_5010238015252,Milk Chocolatey Strawberry Fruity Lollies,0.6812
246,IN_8902433003615,Galaxy milk chocolate 20g,UK_5000159022521,Ripple Chocolate Bar,0.6956
247,IN_8901058000290,maggi,UK_9556001135957,Curry Flavour Instant Noodles,0.8116
248,IN_8901058000306,Maggi noodles masala,UK_9556001135957,Curry Flavour Instant Noodles,0.8594
249,IN_8901058023787,2-minute noodles masala taste,UK_9556001255693,2 Minute Chicken Flavour Noodles,0.8185
250,IN_8901058023800,Maggi 2-minute noodles Masala,UK_8901058905274,maggi 2 minute noodles,0.9284
251,IN_8909081005251,Yippee Noodles,UK_5997523314958,Spicy Hot Chilli,0.7033
252,IN_8901058009729,Masala Veg Atta Noodles,UK_9556001323859,Instant Noodles,0.8514
253,IN_8901725005986,Sunfeast Yippee! masala magic,UK_5997523315535,Soba noodle spicy,0.5861
254,IN_8901058851298,Maggi 2-minutes Noodles,UK_8901058905274,maggi 2 minute noodles,0.9611
255,IN_19010588,Chicken noodles,UK_5000243505275,Chicken Noodles,0.8761
256,IN_8901595851218,Veg Hakka Noodles,UK_5997523315870,Big Soba Yakitori Chicken,0.7494
257,IN_8901058022193,Maggi Noodles,UK_9556001323859,Instant Noodles,0.9748
258,IN_0941458000290,2-minute Noodles,UK_8901058905274,maggi 2 minute noodles,0.9806
259,IN_8901030976735,Korean Ramen,UK_7613036127110,Ramen,0.6953
260,IN_8901058014235,Maggi,UK_9556001323859,Instant Noodles,0.8838
261,IN_8901014000159,nissin,UK_8712429361106,Demae Ramen Spicy,0.8012
262,IN_8901725005887,Yippee Noodles,UK_5997523314958,Spicy Hot Chilli,0.7033
263,IN_8901014000371,Geki Hot & Spicy Korean Cheese,UK_5997523314958,Spicy Hot Chilli,0.7374
264,IN_8901058008999,2-Minutes Noodles,UK_8901058905274,maggi 2 minute noodles,0.7767
265,IN_8901058008050,Maggi,UK_9556001323859,Instant Noodles,0.9881
266,IN_8901058022872,Masala Veg Atta Noodles,UK_9556001323859,Instant Noodles,0.8514
267,IN_8901014000166,Geki - Hot & Spicy,UK_5997523314958,Spicy Hot Chilli,0.8218
268,IN_8906013030022,Wai wai,UK_8851876201549,Instant Rice Noodles,0.7503
269,IN_8901014000425,nissin noodels,UK_5997523314804,Cup Noodles Teriyaki Chicken,0.8197
270,IN_8901030865855,Knorr soupy noodles mast masala,UK_5061035300270,chick-n ramen,0.7142
271,IN_8901058019339,2 Minutes Noodles,UK_8901058905274,maggi 2 minute noodles,0.744
272,IN_8801043054768,Shin Kimchi,UK_8801043021883,Shin Ramyun Noodle Soup,0.8975
273,IN_8906078721965,Gopal Namkeeen Shot Go Noodles,UK_5060262489741,Rice noodles chick-n ramen,0.7064
274,IN_8901058009705,Veg atta noodles,UK_9556001323859,Instant Noodles,0.886
275,IN_8901058017793,2-Minute noodles,UK_8901058905274,maggi 2 minute noodles,0.957
276,IN_8901014002061,Masala Noodles,UK_4088600215549,Snack Noodles,0.8716
277,IN_8901058000191,Family Fun Pack,UK_9556001323859,Instant Noodles,0.8822
278,IN_8901014004836,cup noodles,UK_5997523314804,Cup Noodles Teriyaki Chicken,0.8922
279,IN_8901741000927,Wai Wai instant noodles,UK_8851876201549,Instant Rice Noodles,0.8185
280,IN_8906090575546,K-Bomv Ramen,UK_7613036127110,Ramen,0.7047
281,IN_8901014000470,niisin,UK_4088600215549,Snack Noodles,0.816
282,IN_8901058851328,Maggi 2 Minutes Noodles Masala,UK_8901058905274,maggi 2 minute noodles,0.9434
283,IN_8901595963348,Instant noodles,UK_5997523315870,Big Soba Yakitori Chicken,0.7807
284,IN_8901014004935,spiced chunky chicken,UK_5997523315733,Soba Wok Style Yakitori Chicken,0.7884
285,IN_8901014003181,top ramn,UK_8712429361106,Demae Ramen Spicy,0.8317
286,IN_8901725006006,Sunfeast  yeppi  noodles,UK_5997523314958,Spicy Hot Chilli,0.6707
287,IN_8901058003734,Maggie korean noodles,UK_9556001323859,Instant Noodles,0.8747
288,IN_8901014004744,Cup Noodles Mazedaar Masala,UK_5997523314804,Cup Noodles Teriyaki Chicken,0.8429
289,IN_8906090575539,Too Yumm! K-Bomb Ramen,UK_5061035300270,chick-n ramen,0.6546
290,IN_8901014012114,Cup noodles Rogan  josh,UK_5997523315870,Big Soba Yakitori Chicken,0.7661
291,IN_8901058006148,maggie chicken noodles,UK_5000354924347,Chicken super noodle,0.7853
292,IN_8901725019754,Yippee! Korean Fiery Hot,UK_5997523314958,Spicy Hot Chilli,0.6084
293,IN_8901014000609,Pokeman Ramen Fun Masala,UK_8712429361106,Demae Ramen Spicy,0.7877
294,IN_8906131682417,Slurp Farm Millet Noodles,UK_8994963002794,Instant noodles,0.6771
295,IN_8901014004942,Cup Noodles Spiced Chicken,UK_5997523314804,Cup Noodles Teriyaki Chicken,0.8779
296,IN_8901014000456,koren veg noodles,UK_8888056803606,Chicken instant noodles,0.716
297,IN_8901058002683,Spicy Garlic 2 Minute Noodles,UK_8901058905274,maggi 2 minute noodles,0.9037
298,IN_8908017962248,Instant Noodles,UK_8994963002794,Instant noodles,0.8009
299,IN_8901058901511,2-minute Noodles Masala,UK_8901058905274,maggi 2 minute noodles,0.9322
300,IN_8901014002054,Top Ramen Masala Noodles,UK_8712429361106,Demae Ramen Spicy,0.8289
301,IN_8901725005214,Atta Noodles,UK_8994963002794,Instant noodles,0.758
302,IN_8901058901542,Maggie,UK_9556001323859,Instant Noodles,0.8825
303,IN_8901058006292,2 - Minute Noodles,UK_8901058905274,maggi 2 minute noodles,0.9197
304,IN_8901741000910,wai wai noodles,UK_8994963002794,Instant noodles,0.753
305,IN_8906069406178,wok tok instant noodles masala,UK_5997523329013,Soba Wok Style Classic,0.8182
306,IN_8994963003128,Indomie Instant Noodles,UK_8994963002794,Instant noodles,0.9157
307,IN_8908017962088,Wicked Gud Noodles,UK_8994963002794,Instant noodles,0.7101
308,IN_8901058006100,Masala Veg Atta Noodles with Spinach,UK_9556001135957,Curry Flavour Instant Noodles,0.7995
309,IN_8908006936007,Sloopy Masala Noodles,UK_5997523315870,Big Soba Yakitori Chicken,0.733
310,IN_8947014692154,Wow! Thupka Chicken,UK_5997523315870,Big Soba Yakitori Chicken,0.6904
311,IN_8909081006388,Yippee noodles,UK_5000118203497,Pot Noodle Beef & Tomato flavour,0.7439
312,IN_8901725005993,Yippee noodles Mood masala,UK_4088600215549,Snack Noodles,0.7794
313,IN_6001068587209,Maggi 2 Minute Noodles Beef 1 x 73G (Single),UK_8901058905274,maggi 2 minute noodles,0.863
314,IN_8901058891430,2-minutes masala noodles,UK_00322775,Wholewheat Medium Noodles,0.7232
315,IN_8901058851304,Maggi Masala Noodles,UK_7613035062795,Instant Noodles,0.9177
316,IN_8901058890709,maggie masala chuppa noodles,UK_9556001135957,Curry Flavour Instant Noodles,0.708
317,IN_8901058902839,Veg Atta Masala Noodles,UK_9556001323859,Instant Noodles,0.8561
318,IN_8901014004843,cup noodles veggi manchow,UK_5997523314910,5 Spices Beef Flavour,0.8549
319,IN_8901088205221,Oodles Yummy masala ring noodles,UK_5997523315535,Soba noodle spicy,0.7008
320,IN_8906032019169,Patanjali Atta noodles Chatpata flavour,UK_01854619,chicken flavour instant noodles,0.7416
321,IN_8901595963331,hot garlic,UK_5997523314958,Spicy Hot Chilli,0.6901
322,IN_8901058901832,Masala Veg Atta Noodles,UK_8994963002794,Instant noodles,0.7556
323,IN_8801043053181,"Nouilles instantanées, Super Piquant et épicé",UK_5059697718687,CHICKEN FLAVOUR INSTANT NOODLES,0.6555
324,IN_8901058009712,Maggi Masala Veg Atta noodles,UK_9556001323859,Instant Noodles,0.8529
325,IN_8904300200622,Date of Expiry:,UK_8994963002794,Instant noodles,0.5292
326,IN_8908017962224,wicked noodle,UK_5000354924347,Chicken super noodle,0.7326
327,IN_8901014011124,Top Ramen Atta Masala Noodles,UK_8712429361106,Demae Ramen Spicy,0.8185
328,IN_8908017962095,Wicked Gud Noodles Schezwan,UK_8994963002794,Instant noodles,0.682
329,IN_8908016793768,Master Chow Instant Noodles,UK_7613287554376,Chow Mein Flavour Instant Noodles,0.7897
330,IN_8901058891416,2-minute noodles,UK_8901058905274,maggi 2 minute noodles,0.9504
331,IN_8901725116729,Sunfeast Yippee! noodles Magic Masala,UK_5060262485262,Katsu rice noodles cup,0.6424
332,IN_8906013032187,WAI WAI,UK_5997523315870,Big Soba Yakitori Chicken,0.7246
333,IN_8901058005851,Maggi Atta Noodles,UK_9556001323859,Instant Noodles,0.8908
334,IN_8901058000450,2-minute Noodles Veggie Masala,UK_8901058905274,maggi 2 minute noodles,0.8783
335,IN_8901014011117,Top Ramen Atta Masala Noodles,UK_8712429361106,Demae Ramen Spicy,0.8185
336,IN_8901058008234,Chicken Noodles,UK_8445290435712,Chicken Flavor Noodles,0.9695
337,IN_8901262010016,Amul Pasteurized Butter,UK_8901262010207,Butter School Pack,0.7803
338,IN_8901262200196,Amul Masti Spiced Buttermilk 200ml,UK_59052227,Danio smak waniliowy,0.561
339,IN_8901262260121,Amul Taaza Milky Milk,UK_5060402903854,Milky way chocolate milkshake,0.6023
340,IN_8901262010320,Amul Butter,UK_8901262010207,Butter School Pack,0.8446
341,IN_8906001023043,Govardhan pure cow ghee 500ml,UK_8901262010207,Butter School Pack,0.5103
342,IN_8904083303077,Farm Fresh Sahi Plain Yoghurt,UK_5060360501758,Light & Free delicious Strawberry Greek Style Yoghurt,0.6003
343,IN_8908000794023,Pasteurised full cream milk,UK_8714100590430,Swedish Glace dairy-free smooth Vanilla,0.525
344,IN_8901262180115,malai paneer fresh,UK_8901262177191,Cassatta Ice Cream,0.5735
345,IN_8902579002299,Smoodh chocolate,UK_8000500397459,Nutella,0.6247
346,IN_8901262200189,Amul Lassi 200ml,UK_5410146407024,Actimel Strawberry,0.5894
347,IN_8906009501031,Pasteurised Cow Milk,UK_3073780225960,Mini Original,0.5545
348,IN_8901262020039,Amul cheese,UK_8901262177191,Cassatta Ice Cream,0.6515
349,IN_8906001023050,Gowardhan pure cow ghee,UK_8901262010207,Butter School Pack,0.4654
350,IN_8901262200004,Butter milk amul,UK_8901262010207,Butter School Pack,0.7309
351,IN_8901262151863,Amul Fresh Cream,UK_8901262177191,Cassatta Ice Cream,0.6355
352,IN_8901262020015,Cheese slices,UK_20103354,SOFT CHEESE,0.5867
353,IN_8901262150088,Milk,UK_5060360507651,GetPRO Chocolate Flavour,0.5787
354,IN_8901262151696,Amul Lassi 250 ml,UK_5060360500362,Chilled Yogurts and Desserts,0.654
355,IN_8901262260107,Amul Gold Milky Milk,UK_5060402903854,Milky way chocolate milkshake,0.6693
356,IN_8901262020046,Pure Milk Cheese Slices,UK_5052449483161,ORIGINAL CREAMY SOFT CHEESE,0.6361
357,IN_8901262150064,Amul Taaza 1ltr,UK_5056357909409,Milk Drink,0.5488
358,IN_8901262010023,Amul pasteurised butter,UK_8901262010207,Butter School Pack,0.7035
359,IN_8904083302292,Greek Yogurt,UK_5060360502410,Oykos Raspberry Greek Style Yogurt,0.7095
360,IN_8902579002497,SMOODH CHOCLATE FLAVORED MILK,UK_3023290018354,KVARG RASPBERRY FLAVOURED,0.6534
361,IN_8901262200622,Amul Masti,UK_8901262177191,Cassatta Ice Cream,0.5737
362,IN_8908000794054,Pasteurised Cow Milk,UK_01222685,Gouda Slices,0.4791
363,IN_8901262202220,Dahi Yogurt,UK_5060360505039,Danone Natural yogurt,0.6644
364,IN_8901262202244,Tadka Chhach Probiotic Buttermilk,UK_59052227,Danio smak waniliowy,0.5129
365,IN_8902579003470,Smoodh Masala Flavoured Buttermilk,UK_59052227,Danio smak waniliowy,0.5382
366,IN_8902579003456,Smoodh Chaas,UK_59052227,Danio smak waniliowy,0.5684
367,IN_8906027712235,Ghee,UK_8901262010207,Butter School Pack,0.5321
368,IN_8901262152211,Amul Kool Kesar Flavour 180ml,UK_59052227,Danio smak waniliowy,0.5945
369,IN_8901262200028,Dahi,UK_5060360506166,Activia Rhubarb Yogurt,0.7022
370,IN_8902579003302,Smoodh Lassi,UK_59052227,Danio smak waniliowy,0.7667
371,IN_8906016413792,Badam Flavoured Milk,UK_5056357909409,Milk Drink,0.5545
372,IN_8901071732413,Milk shake chocolate flavour 180ml,UK_8445290293312,Nesquik banana flavor,0.6927
373,IN_8902979001724,Cavins Masala Chaasa 180 ml,UK_3023290018354,KVARG RASPBERRY FLAVOURED,0.6214
374,IN_8901262020558,Diced Cheese,UK_5052449483161,ORIGINAL CREAMY SOFT CHEESE,0.635
375,IN_8908010900056,Peanut butter,UK_5053827186797,Nutri-Grain Strawberry,0.5838
376,IN_8901262060011,Cheese Spread,UK_3228023190042,Seriously,0.6757
377,IN_8904083300021,Paneer,UK_7613287238474,Milky bar,0.4559
378,IN_8904083302100,Fruit Yogurt Blueberry,UK_3023290453674,STRAWBERRY VANILLA,0.6919
379,IN_8901262030243,Amul gee,UK_8901262010207,Butter School Pack,0.7518
380,IN_8906009501017,Full cream milk,UK_01504972,Full Fat Soft Cheese,0.6097
381,IN_8901808000068,WeiKFiELD,UK_5052910791283,Vagla Ice Cream,0.5119
382,IN_8901262151368,Moti,UK_8901262177191,Cassatta Ice Cream,0.5691
383,IN_8901262153348,Protein Lassi - Rose Flavour,UK_5060058339373,Danio Raspberry,0.7773
384,IN_8901058903959,milkmaid 100+ recipes,UK_8715000934720,Sweetened Condensed Milk,0.877
385,IN_8901262260947,Buffalo Milk A2,UK_5060360507651,GetPRO Chocolate Flavour,0.5397
386,IN_8906010090869,100 % mozzarella cheese,UK_5000462979826,Mozzarella Grated,0.7251
387,IN_8906117360353,Country Delight Buffalo Milk,UK_5012262004516,Honeycomb Real Dairy Ice Cream,0.4944
388,IN_8906041150501,Pasteurised Buttermilk,UK_5010346000010,Evaporated milk,0.5322
389,IN_8901262151931,Amul Kadhai Doodh,UK_59052227,Danio smak waniliowy,0.5826
390,IN_8901262010344,Garlic & Herbs Buttery Spread,UK_8901262010207,Butter School Pack,0.6769
391,IN_8906023416656,Unknown Product,UK_5060002044018,Unknown Product,0.7233
392,IN_8902579002329,Smoodh toffee caramel,UK_59052227,Danio smak waniliowy,0.6291
393,IN_8901262180016,Malai Paneer,UK_8901262177191,Cassatta Ice Cream,0.5662
394,IN_8901262260374,Amul Cow Milk,UK_8901262177191,Cassatta Ice Cream,0.5976
395,IN_8906027713546,Dahi,UK_5060360507835,Unknown Product,0.6858
396,IN_8904083300106,Paneer,UK_7613287238474,Milky bar,0.4559
397,IN_8902979050913,Covins chocolate milkshake 180ml,UK_8445290293312,Nesquik banana flavor,0.6447
398,IN_8901262152952,Protein Buttermilk,UK_5060360500362,Chilled Yogurts and Desserts,0.6325
399,IN_8901030976063,horlicks,UK_54492790,Cherry,0.5964
400,IN_8901262040013,Shrikhand,UK_59052227,Danio smak waniliowy,0.6089
401,IN_8901262153331,Amul Protein Blueberry Shake,UK_4710469842016,Whey Protein Drinks - Milk Tea Flavor,0.5635
402,IN_8901030975530,Boost milk shake,UK_8445290856296,Coffee Mate,0.5879
403,IN_8901262010207,Butter School Pack,UK_8901262010207,Butter School Pack,1.0
404,IN_8906036670212,Curd,UK_5051140455736,FETA,0.5529
405,IN_8906059635007,GREEK YOGURT natural,UK_5060360502410,Oykos Raspberry Greek Style Yogurt,0.7013
406,IN_8901262152228,Amul kool elaichi 180ml,UK_59052227,Danio smak waniliowy,0.5883
407,IN_8901262030700,Amul pure ghee 1 ltr,UK_8901262010207,Butter School Pack,0.7052
408,IN_8906010360085,Ghee,UK_8901262010207,Butter School Pack,0.5503
409,IN_8906001020196,Go Cheese Slices,UK_01222685,Gouda Slices,0.602
410,IN_8901262200011,Masti Dahi,UK_5060360506166,Activia Rhubarb Yogurt,0.6984
411,IN_8901063146457,Britannia winking cow chocolate 180ml,UK_5000159557658,Twix,0.5581
412,IN_8901262260091,Amul Taaza,UK_8901262177191,Cassatta Ice Cream,0.5733
413,IN_8901262153607,Protein Lassi - Plain,UK_5060360500362,Chilled Yogurts and Desserts,0.6472
414,IN_8901262202381,Amul Curd,UK_8901262177191,Cassatta Ice Cream,0.5117
415,IN_8908023008022,Celnutra 2.0,UK_4710469842016,Whey Protein Drinks - Milk Tea Flavor,0.572
416,IN_8906056450320,Danedar Ghee,UK_8901262010207,Butter School Pack,0.5264
417,IN_8901262200035,Masti Dahi,UK_5060360506166,Activia Rhubarb Yogurt,0.6634
418,IN_8901262151726,Amul Lactose Free250ml,UK_5060360507651,GetPRO Chocolate Flavour,0.6529
419,IN_5000354908248,Original Custard powder,UK_5063334012359,Custard Creams,0.6485
420,IN_8901262200233,Amul Masti Spiced Buttermilk,UK_8901262177191,Cassatta Ice Cream,0.6025
421,IN_8906036673602,Nandini GoodLife Toned Milk,UK_3073780225960,Mini Original,0.5108
422,IN_0716270001660,Ginger Crystallized In Dark Chocolate,UK_0652655001156,Dark Chocolate Ginger,0.6933
423,IN_8901786060504,Chaat Masala,UK_5000243678702,Authentic Indian Masala Chilli Sauce,0.5379
424,IN_8908012605003,tomato ketchup,UK_8901058867381,Rich tomato ketchup,0.7536
425,IN_8901786120505,Kitchen King Masala,UK_5997523315733,Soba Wok Style Yakitori Chicken,0.5491
426,IN_8901786260508,Black pepper powder,UK_5000159530750,Galaxy Minstrels Pouch Bag,0.5579
427,IN_8901207014642,Tomato Puree,UK_8722700153276,Pot Noodle Beef & Tomato flavour,0.4846
428,IN_8901030667756,Fresh Tomato Ketchup,UK_8901058867381,Rich tomato ketchup,0.6869
429,IN_8901030653407,Kissan Fresh Tomato Ketchup,UK_8901058867381,Rich tomato ketchup,0.6741
430,IN_8902188801092,chilli powder,UK_5050665023741,Thai Sweet Chilli Egg Noodles,0.5965
431,IN_8939998813984,KitchenFeast MEAT MASALA,UK_5000157146342,"HEINZ TOMATO, GRANA PADANO & MASCARPONE PASTA SAUCE",0.5617
432,IN_8939997630766,CORIANDER POWDER KitchenFeast,UK_7613035236004,Cajun,0.5872
433,IN_3258831003982,Dijon Mustard,UK_7610100034084,Mayonaise,0.5051
434,IN_8906066200564,Keya Mixed Herbs,UK_7613036483063,Mixed Herbs,0.6031
435,IN_8939997630902,KitchenFeast GARAM MASALA,UK_7613035236004,Cajun,0.5877
436,IN_8901058101577,Tomato Ketchup,UK_8901058867381,Rich tomato ketchup,0.8811
437,IN_5411788046442,Tamari soya sauce,UK_5060060381292,Tamarino sauce,0.6045
438,IN_8715700033235,Ketchup P'tits Heinz,UK_5000157062741,Vegetable Soup,0.5273
439,IN_8901246002075,Del Monte Tomato Ketchup,UK_8901058867381,Rich tomato ketchup,0.6889
440,IN_8906023415017,Choco Vanilla,UK_4088600389134,Vanilla ice cream,0.6907
441,IN_0747356051705,garlic peanut chutney powder,UK_7613035236004,Cajun,0.562
442,IN_8906003653019,Coriander powder,UK_7613035236004,Cajun,0.5965
443,IN_14018808,Tata Salt,UK_5060088701690,Cashew Cookie Raw Fruit & Nut WholefoodBars,0.5016
444,IN_8901058842906,Tarmarind Sauce,UK_7613033488146,Unknown Product,0.5517
445,IN_8902188802099,turmeric powder,UK_5000436777588,Diet Cola,0.5133
446,IN_8906069651349,Brunos,UK_9421902090028,Cola Fairtrade,0.587
447,IN_8902080000227,Sting Energy,UK_4056489738732,Freeway cola xX,0.4795
448,IN_5999884034469,HELL,UK_5449000130389,Coca Cola,0.6894
449,IN_90162602,Red Bull Energy Drink,UK_5449000132505,Sprite,0.7465
450,IN_4897036691427,Monster Energy Drink 350ml,UK_5449000053879,Diet Coke   Top quality,0.594
451,IN_8902080364022,Mountain Dew,UK_5449000132505,Sprite,0.8194
452,IN_4897036692455,Monster Energy Ultra,UK_4060800309167,Pepsi Max Caffeine Free,0.6054
453,IN_8902346050560,Enerzal Orange Flavour,UK_5449000120984,Fanta Orange Zero,0.6267
454,IN_8901764048319,Charged berry bolt,UK_4056489010104,Cola,0.706
455,IN_8901542016226,Glucon-D Regular,UK_5060499150964,Green Cola,0.5858
456,IN_8902346050133,Enerzal Orange Flavour,UK_5449000011527,"fanta Orange 0,33",0.5746
457,IN_8902080002337,Gatorade orange flv,UK_4060800308399,Pepsi,0.8027
458,IN_8906098120601,Cloud9 Classic Energy Drink,UK_20023027,Cola light,0.6446
459,IN_8901542001703,Glucon D 500g cbd,UK_5060499150964,Green Cola,0.546
460,IN_00001291,Afresh,UK_5449000673039,Diet coke Kate Moss,0.472
461,IN_90415470,Red bull energy drink 350ml,UK_5449000131836,Coca-Cola Zero 500ml,0.5179
462,IN_90448249,The Red Edition Energy Drink,UK_20023027,Cola light,0.6175
463,IN_8903754313056,Tata Gluco+ Orange,UK_5449000011527,"fanta Orange 0,33",0.5796
464,IN_8908001658041,Ocean Fruit drink Peach passion fruit flavour 500ml,UK_5000112677324,Raspberry Zero Sugar,0.7014
465,IN_8908001658386,Unknown Product,UK_5060002044018,Unknown Product,0.6518
466,IN_8902246015942,Energy Drink 250ml,UK_20023027,Cola light,0.6763
467,IN_8939115680314,RO RE Energy Drink,UK_5449000029423,Fanta Orange 8pk,0.5314
468,IN_8901542008931,Glucon-D,UK_01723403,Cola,0.6117
469,IN_5056784900093,Orange Dreamsicle,UK_8002270586835,Sparkling Blood Orange Beverage,0.5809
470,IN_8901138008116,"Himalaya Re-Hydrate Electrolyte Drink, Orange Flavor",UK_5449000011527,"fanta Orange 0,33",0.5935
471,IN_8901012350041,ORSL Plus Electrolyte Drink Orange,UK_8002270586835,Sparkling Blood Orange Beverage,0.6244
472,IN_8901207017056,Glucose-D,UK_5060058333166,Actimel 0%,0.5408
473,IN_8909106024564,HORLICKS,UK_01723403,Cola,0.5334
474,IN_5061013949910,Energy Ultra Rosà,UK_4056489010104,Cola,0.6911
475,IN_8908013140619,Hustle Energy Drink,UK_4056489738732,Freeway cola xX,0.6036
476,IN_8901542000553,Glucon D,UK_5060499150964,Green Cola,0.5766
477,IN_8908000589063,Sipon Mango Drink,UK_5449000130389,Coca Cola,0.647
478,IN_8902346050379,Enerzal,UK_5052109851446,Xero cola,0.5374
479,IN_8934588232114,Sting Energy,UK_4060800134592,Pepsi Max Multipack,0.7559
480,IN_8902080495023,Sting Energy Drink,UK_4056489010104,Cola,0.6496
481,IN_4897036695678,Monster Energy Pipeline Punch,UK_01723403,Cola,0.5576
482,IN_8906097590788,Energy Gel,UK_20023027,Cola light,0.4833
483,IN_8902080100491,Sting energy,UK_4060800171122,Pepsi max,0.6644
484,IN_8902080100415,Adrenaline Rush Ultimate Performance Energy Drink,UK_4060800304803,Pepsi max 0 caffeine,0.6558
485,IN_0946590641530,ENERDOZE power up,UK_01723403,Cola,0.5429
486,IN_8901030831690,kissan mixed fruit jam,UK_3608580968603,Jam apricot intense - bonne maman,0.6463
487,IN_8904327600924,Myfitness Peanut Butter,UK_5059319037073,Crunchy Nut granola Hazelnut And Chocolate,0.5198
488,IN_8901030922787,Mixed Fruit Jam,UK_5019378002351,fresh chilli jam,0.6659
489,IN_8901207025365,Honey,UK_5060360505091,Peach and ginger yoghurt,0.4597
490,IN_8901595863280,Schezwan Chutney,UK_3045320094145,Berries and Cherries Jam,0.5041
491,IN_8901030831706,Mixed Fruit Jam,UK_3608580968603,Jam apricot intense - bonne maman,0.6675
492,IN_8901207005527,Honey Squeezy,UK_7613287169990,Honey Cheerios,0.5062
493,IN_8901595863013,Schezwan Chutney,UK_8718114797977,Pot Noodle Chinese-Style Sticky Rib Flavour,0.5444
494,IN_8904327600405,Myfitness Chocolate Peanut Butter,UK_5059319037073,Crunchy Nut granola Hazelnut And Chocolate,0.567
495,IN_8904327600948,MYFITNESS Chocolate Peanut Butter Crunchy,UK_5053827209632,Crunchy Nut,0.5747
496,IN_8901030980053,Peanut Butter Crunchy,UK_5059319037073,Crunchy Nut granola Hazelnut And Chocolate,0.6226
497,IN_8908010900070,Pintola all natural peanut butter (crunchy),UK_5059319037073,Crunchy Nut granola Hazelnut And Chocolate,0.6591
498,IN_8904320015404,Peanut Butter - Crunchy,UK_5059319032900,crunchy nut,0.6001
499,IN_8906127550010,Natural Peanut Butter Crunch,UK_5059319032900,crunchy nut,0.5924
500,IN_8901512144805,Peanut butter,UK_5053827186797,Nutri-Grain Strawberry,0.575
501,IN_8906002006243,Peanut Butter Crunchy,UK_5053827209632,Crunchy Nut,0.6465
502,IN_8901207005374,Honey,UK_5060360505091,Peach and ginger yoghurt,0.4597
503,IN_8901071701372,Hershey's spreads,UK_5020411121151,Nutella,0.6363
504,IN_8906069401210,Peanut butter,UK_5053827186797,Nutri-Grain Strawberry,0.5615
505,IN_8906029450548,Mixed Fruit Jam,UK_3608580968603,Jam apricot intense - bonne maman,0.6808
506,IN_8908010900063,Peanut Butter All Natural Creamy Unsweetened,UK_5059319037073,Crunchy Nut granola Hazelnut And Chocolate,0.6014
507,IN_8901207026553,Honey,UK_7613287169990,Honey Cheerios,0.5467
508,IN_8908010900162,Peanut Butter,UK_5059319037073,Crunchy Nut granola Hazelnut And Chocolate,0.64
509,IN_8906002006236,Dr. Oetker Peanut Butter,UK_5059319032900,crunchy nut,0.6301
510,IN_8906006720329,Kashmir Honey,UK_03677302,Nutella,0.4614
511,IN_8901088882583,Saffola Honey,UK_7613287169990,Honey Cheerios,0.5299
512,IN_8901088069120,Saffola Honey Active,UK_7613287169990,Honey Cheerios,0.5076
513,IN_8904320015398,Peanut butter Creamy,UK_8901262010207,Butter School Pack,0.5081
514,IN_8901030944376,Hazelnut Choco Peanut spread,UK_80177128,Nutella Hazelnut Spread With Cocoa,0.6913
515,IN_8904327600887,Peanut butter,UK_8901262010207,Butter School Pack,0.5232
516,IN_8906069401388,peanut butter,UK_5053827186797,Nutri-Grain Strawberry,0.5615
517,IN_8908010900247,peanut butter,UK_5059319037073,Crunchy Nut granola Hazelnut And Chocolate,0.64
518,IN_8908010900216,PEANUT BUTTER,UK_5059319037073,Crunchy Nut granola Hazelnut And Chocolate,0.6634
519,IN_8908010900971,High Protein Peanut Butter Dark Chocolate,UK_5059319036137,HIGH PROTEIN BITES Choco Hazelnut Flavour,0.6436
520,IN_8904327600351,Chocolate Peanut butter smooth,UK_5059319037073,Crunchy Nut granola Hazelnut And Chocolate,0.6251
521,IN_8904327600436,Peanut butter - Chocolate,UK_5059319037073,Crunchy Nut granola Hazelnut And Chocolate,0.5851
522,IN_8904327600894,Unknown Product,UK_5060002044018,Unknown Product,0.63
523,IN_8904327600955,MYFITNESS Peanut Butter - Chocolate,UK_5059319037073,Crunchy Nut granola Hazelnut And Chocolate,0.5383
524,IN_8904327601969,Dark Chocolate Peanut Butter with added Whey,UK_5059321007712,Almond and Dark Chocolate,0.6015
525,IN_8901512881205,Sundrop Peanut Butter Regular,UK_5059319037073,Crunchy Nut granola Hazelnut And Chocolate,0.5506
526,IN_8906143890053,Unsweetened Peanut Butter,UK_5053827186797,Nutri-Grain Strawberry,0.5592
527,IN_8904422700826,Honey,UK_7613287169990,Honey Cheerios,0.5088
528,IN_8908010900049,Peanut Butter,UK_5059319037073,Crunchy Nut granola Hazelnut And Chocolate,0.5858
529,IN_8904327600399,Myfitness Peanut butter,UK_5059319037073,Crunchy Nut granola Hazelnut And Chocolate,0.5198
530,IN_8901088069083,Saffola Honey 1 Kg,UK_5050083392863,Crunchy Nut,0.5081
531,IN_8908010900209,Dark chocolate peanut butter creamy,UK_5059319037073,Crunchy Nut granola Hazelnut And Chocolate,0.5985
532,IN_8908010900223,Peanut Butter Dark Chocolate Creamy,UK_5059321007712,Almond and Dark Chocolate,0.6375
533,IN_8904320075446,Chocolate Peanut Butter,UK_5059319037073,Crunchy Nut granola Hazelnut And Chocolate,0.5733
534,IN_8904109449222,Honey,UK_7613287169990,Honey Cheerios,0.5938
535,IN_8901512144706,Peanut Butter Regular Creamy,UK_5059319037073,Crunchy Nut granola Hazelnut And Chocolate,0.5728
536,IN_8906143890107,dark chocolate peanut butter,UK_5020411121151,Nutella,0.5759
537,IN_8904327600931,Myfitness Chocolate peanut butter,UK_5059319037073,Crunchy Nut granola Hazelnut And Chocolate,0.6157
538,IN_8901088081313,Saffola Peanut Butter Crunchy,UK_5059319037073,Crunchy Nut granola Hazelnut And Chocolate,0.6173
539,IN_8901088081344,Saffola Peanut Butter,UK_5059319037073,Crunchy Nut granola Hazelnut And Chocolate,0.5869
540,IN_8901030959776,Kissan Peanut Butter Crunchy,UK_8901262010207,Butter School Pack,0.5891
541,IN_8901248749039,Zandu pure Honey,UK_7613287169990,Honey Cheerios,0.4995
542,IN_8901207045370,Honey,UK_5060360505091,Peach and ginger yoghurt,0.4597
543,IN_8908010900995,Pintola High Protien Peanut Butter,UK_5059319036137,HIGH PROTEIN BITES Choco Hazelnut Flavour,0.6248
544,IN_8904327600382,Myfitness Original Peanut Butter (Smooth),UK_5059319037073,Crunchy Nut granola Hazelnut And Chocolate,0.5299
545,IN_8901044200284,mapro mixed fruit jam,UK_5000119450012,Seedless Raspberry Jam,0.6062
546,IN_8906002007455,Peanut butter,UK_5053827186797,Nutri-Grain Strawberry,0.5828
547,IN_8906127550003,Peanut butter,UK_5059319032900,crunchy nut,0.539
548,IN_8901220600686,honey,UK_8000300430493,Milkybar,0.4842
549,IN_3017620425035,Nutella,UK_3017620401473,Pâte à tartiner aux noisettes et au cacao,0.8097
550,IN_8906002008537,Peanut Butter Creamy,UK_5059319037073,Crunchy Nut granola Hazelnut And Chocolate,0.5681
551,IN_8904109449239,Patanjali Honey,UK_7613287169990,Honey Cheerios,0.5031
552,IN_8904327600450,Peanut Butter,UK_5059319037073,Crunchy Nut granola Hazelnut And Chocolate,0.5466
553,IN_8901262030151,Amul Ghee 1ltr,UK_8901262010207,Butter School Pack,0.6964
554,IN_8904083301813,Cow Ghee,UK_5060402903854,Milky way chocolate milkshake,0.505
555,IN_8901542002090,DoodhShakti Ghee,UK_8901262010207,Butter School Pack,0.5454
556,IN_8901063325463,Britannia toastea,UK_7622201766375,Soft Bakes Blueberry,0.5289
557,IN_8901808000020,Baking Powder,UK_4088600551951,Cream Crackers,0.5277
558,IN_8908002507409,Ghee brown rusk,UK_5050083344756,Nutri-Grain Choc Chip Breakfast Bakes 6 x imp,0.5049
559,IN_8908019552096,Waffle Crisps double choco,UK_50823093,MILK CHOCOLATE CARAMEL WAFER BISCUIT,0.5541
560,IN_8907003513990,Unknown Product,UK_5060002044018,Unknown Product,0.6869
561,IN_8904043553542,Danish bun,UK_29098354,Organic all butter Shortbread fingers,0.4835
562,IN_8900017562619,Bun Maska,UK_5060088701690,Cashew Cookie Raw Fruit & Nut WholefoodBars,0.4969
563,IN_8904092498023,Pizza bread,UK_8904063220578,plant based keema paratha,0.5547
564,IN_8908007499648,Chocolate chip cookies,UK_7622202219214,Brunch Choc Chip,0.6704
565,IN_8904043551548,Modern 100% Whole Wheat Bread,UK_7613036147651,Original Shredded Wheat,0.5702
566,IN_8904043552644,Modern Sandwich Supreme Bread,UK_8904063220578,plant based keema paratha,0.5446
567,IN_8901063338593,100% Whole Wheat Brown Bread,UK_00130509,Wheat Biscuits,0.5707
568,IN_8908009059185,Zero Maida Whole Wheat Bread,UK_7613036147651,Original Shredded Wheat,0.5201
569,IN_8906029110022,Sliced Bread,UK_8904063220578,plant based keema paratha,0.5112
570,IN_8904043554716,Crem Treat Vanilla Crem bun,UK_7622202230998,Soft Bakes Choco Hazelnut Flavour,0.4906
571,IN_8901063325036,Britannia toastea 250gm,UK_5059320000011,pop tarts,0.471
572,IN_8904043551579,multgrain bread,UK_8904063220578,plant based keema paratha,0.5465
573,IN_8906001387114,Multi Grain High Fibre Bread,UK_7613031473113,Shredded wheat,0.4912
574,IN_8901063341500,White bread,UK_00130509,Wheat Biscuits,0.5402
575,IN_8901063325760,Premium Bake Rusk,UK_5059320000011,pop tarts,0.4886
576,IN_8906001388609,Brown Sliced Brown Bread,UK_5050083344756,Nutri-Grain Choc Chip Breakfast Bakes 6 x imp,0.4942
577,IN_8906007610124,Brown Bread,UK_8904063220578,plant based keema paratha,0.5607
578,IN_8908009059178,Super Multi Grain Bread - Zero Maida Bread,UK_8904063220578,plant based keema paratha,0.5482
579,IN_8908009059154,Whole Wheat Bread,UK_00130509,Wheat Biscuits,0.5918
580,IN_8904043551555,Atta Shakti,UK_8904063220578,plant based keema paratha,0.4943
581,IN_8904043551586,Brown Bread,UK_8904063220578,plant based keema paratha,0.5849
582,IN_8901063343450,Brown Bread,UK_8904063220578,plant based keema paratha,0.5729
583,IN_8904004411003,Rusky,UK_8904063211125,Aloo Tikki,0.485
584,IN_8906076132640,Whole Wheat Loaf,UK_00130509,Wheat Biscuits,0.5678
585,IN_8903553002458,udad papad,UK_5060360509235,Activia Mango Kefir,0.456
586,IN_8901063338555,100% Whole Wheat Bread,UK_00130509,Wheat Biscuits,0.5802
587,IN_8906001381143,Whole Wheat Bread,UK_5057753083922,Wheat Biscuits,0.5399
588,IN_8908001032049,Everyday Milk Bread,UK_00130509,Wheat Biscuits,0.5193
589,IN_8906020460676,100% Atta Bread,UK_5010251920113,Mor Shortbread Fingers 210g,0.4676
590,IN_8906020460027,White Bread,UK_8445291401242,Milky Bar Chocolate Egg,0.4882
591,IN_8901063344129,Whole Wheat Sandwich Bread,UK_00130509,Wheat Biscuits,0.5861
592,IN_8904043551494,Modern Fruity Bread,UK_8904063220578,plant based keema paratha,0.5604
593,IN_8901063342354,sandwich white bread,UK_00130509,Wheat Biscuits,0.5261
594,IN_8904043551524,modern family special bread,UK_8904063220578,plant based keema paratha,0.5639
595,IN_8908009059307,Milk Bread,UK_00130509,Wheat Biscuits,0.5243
596,IN_8906031251225,Chakote Milk Toast,UK_5059320000424,Pop tarts hot fudge sundae 4 x 2 Stück,0.4907
597,IN_8906007612913,Kwality Kreamy Magic,UK_8904063220578,plant based keema paratha,0.5471
598,IN_8902027006169,Kitty Brown Bread,UK_8445291524545,Kit Kat,0.5736
599,IN_8901063338623,Multi Grain Bread,UK_00130509,Wheat Biscuits,0.5231
600,IN_8901063342934,100% Whole Wheat Sandwich Bread,UK_00130509,Wheat Biscuits,0.5299
601,IN_8906020580138,Whole Wheat Chapati,UK_00130509,Wheat Biscuits,0.5768
602,IN_8908009059246,Zero Maida Protein Bread,UK_8904063220578,plant based keema paratha,0.549
603,IN_0760412594770,Unknown Product,UK_5060002044018,Unknown Product,0.6397
604,IN_8901063341852,Milk Bread,UK_00130509,Wheat Biscuits,0.5397
605,IN_8901063342910,Brown bread,UK_00130509,Wheat Biscuits,0.5565
606,IN_8906001387039,English Oven Milk Sliced White Bread,UK_29098354,Organic all butter Shortbread fingers,0.4763
607,IN_8901063343276,Multi Grain Bread,UK_8904063220578,plant based keema paratha,0.5308
608,IN_8906029110060,Browny Whole Wheat Bread,UK_7613036147651,Original Shredded Wheat,0.5396
609,IN_8904474000189,La Americana Wholewheat Brown Bread,UK_5059512738814,All butter shortbread fingers,0.4839
610,IN_8908009059208,Zero Maida Bombay Pav,UK_8904063220578,plant based keema paratha,0.5089
611,IN_8906020461116,Rolez Danish Bun,UK_5060088701690,Cashew Cookie Raw Fruit & Nut WholefoodBars,0.4925
612,IN_8906076131698,Sourdough. Pav,UK_5010251920113,Mor Shortbread Fingers 210g,0.5221
613,IN_8906076131223,Lavash flatbread,UK_00019101,SHORTBREAD all butter fingers,0.4698
614,IN_8908002735321,High Protein Bread,UK_5056357999639,Protein Cookie,0.5571
615,IN_8906117360032,Country Delight Brown Bread,UK_00130509,Wheat Biscuits,0.5148
616,IN_8904067701387,Unknown Product,UK_5060002044018,Unknown Product,0.5242
617,IN_8908002735055,Mik bread,UK_5000168164045,Ginger Nuts,0.537
618,IN_8906149280650,Golden Majestic Bakery  Bread Roll,UK_7613039535042,Smarties,0.4855
619,IN_8904474000332,Multigrain high fibre bread,UK_8904063220578,plant based keema paratha,0.5138
620,IN_8901063338838,Britannia Brown Bread 200 g,UK_00130509,Wheat Biscuits,0.5245
621,IN_8904043500072,Unknown Product,UK_5060002044018,Unknown Product,0.5797
622,IN_8906029605344,Whole Wheat Chapati,UK_00130509,Wheat Biscuits,0.5118
623,IN_8906020460683,Harvest Gold 100% Whole Wheat Bread,UK_7613031473090,Shredded Wheat 16s imp,0.497
624,IN_8904043553054,Milk Plus Bread,UK_29145270,Original Creamy Soft Cheese,0.5391
625,IN_8908001588560,Wheat Chapati,UK_5059319002781,frosted Wheats,0.5748
626,IN_8901063338494,Britannia Pav,UK_00130509,Wheat Biscuits,0.4553
627,IN_8908001032117,Everyday 100% whole wheat bread,UK_7613031473090,Shredded Wheat 16s imp,0.5524
628,IN_8908001032124,Multi Grain Bread,UK_8904063220578,plant based keema paratha,0.5444
629,IN_8908002105117,Brown Bread,UK_5050083344756,Nutri-Grain Choc Chip Breakfast Bakes 6 x imp,0.5809
630,IN_8904244300341,Baked toast,UK_5050974000556,Fruit Crunch Crisp,0.5673
631,IN_8904043551609,modern milk plus bread,UK_29145270,Original Creamy Soft Cheese,0.5317
632,IN_8901063325609,Toastea premium rusk,UK_5059320000011,pop tarts,0.5474
633,IN_8906007702263,Wrap tortilla,UK_7613031473090,Shredded Wheat 16s imp,0.4545
634,IN_8901030535895,Bru Instant Coffee,UK_7613287959348,Instant Coffee Blend Alta Rica,0.6213
635,IN_89009758,NESCAFE classic,UK_5011546415499,Nescafe Original,0.809
636,IN_89009949,Nescafe Classic Instant coffee,UK_5011546415499,Nescafe Original,0.8068
637,IN_8901262151306,Kool cafe,UK_7613287959348,Instant Coffee Blend Alta Rica,0.6065
638,IN_89080528,Iced Latté,UK_5056357910498,Iced coffee mocha latte,0.6265
639,IN_8901030904561,Unknown Product,UK_5011546415499,Nescafe Original,0.567
640,IN_8901036162514,Super Strong Blend Coffee,UK_7613287005700,Alta rica gold blend,0.6899
641,IN_8901058898330,Nescafe choco mocha,UK_5011546415499,Nescafe Original,0.7418
642,IN_89008669,Nescafe Gold,UK_5011546415499,Nescafe Original,0.8226
643,IN_8901058867015,Gold Blend Instant Coffee,UK_7613287005700,Alta rica gold blend,0.7744
644,IN_89080306,Nescafe Sunrise,UK_5011546415499,Nescafe Original,0.7509
645,IN_8904132946972,Instant Coffee,UK_7613287959348,Instant Coffee Blend Alta Rica,0.6787
646,IN_8901090328802,Grand Classic Coffee,UK_5011546415499,Nescafe Original,0.6376
647,IN_89006740,NESCAFE,UK_5011546415499,Nescafe Original,0.7979
648,IN_8906144490498,instant coffee,UK_5011546415499,Nescafe Original,0.6246
649,IN_8901036163351,Continental Xtra Coffee Powder,UK_7613287005700,Alta rica gold blend,0.6754
650,IN_8909106013919,Bru Instant Coffee,UK_7613287959348,Instant Coffee Blend Alta Rica,0.6946
651,IN_8906088701667,NUTTY HAZLENUT INSTANT COFFEE,UK_7613287959348,Instant Coffee Blend Alta Rica,0.7673
652,IN_8904384814005,Coffee,UK_5011546415499,Nescafe Original,0.4955
653,IN_89080047,Sunrise,UK_5011546415499,Nescafe Original,0.8115
654,IN_8901090326051,Coffee Grand Premium,UK_5011546415499,Nescafe Original,0.6552
655,IN_89006733,Nescafe Classic Pure Coffee,UK_5011546415499,Nescafe Original,0.8264
656,IN_8909106009622,Bru Instant,UK_7613287959348,Instant Coffee Blend Alta Rica,0.6525
657,IN_8906031933602,Instant Coffee Strong,UK_7613287959348,Instant Coffee Blend Alta Rica,0.6384
658,IN_8901090328574,Tata Coffee Grand Classic,UK_7613287959348,Instant Coffee Blend Alta Rica,0.5976
659,IN_8901036173435,Xtra instant coffee,UK_7613287959348,Instant Coffee Blend Alta Rica,0.6503
660,IN_8801037006391,Maxim Mocha gold,UK_5449000121134,Dr Pepper Zeroo,0.5967
661,IN_5050001665833,Instant Coffee,UK_7613287959348,Instant Coffee Blend Alta Rica,0.6147
662,IN_8909106066410,Bru Instant Coffee,UK_7613287959348,Instant Coffee Blend Alta Rica,0.5656
663,IN_8901030733994,Bru Instant,UK_7613287959348,Instant Coffee Blend Alta Rica,0.6015
664,IN_8906031934968,instant coffee,UK_7613287959348,Instant Coffee Blend Alta Rica,0.7102
665,IN_8906161170397,Bevzilla 100% Arabica Classic Strong Coffee,UK_7613287959348,Instant Coffee Blend Alta Rica,0.5488
666,IN_8901030625381,bru coffee,UK_7613287959348,Instant Coffee Blend Alta Rica,0.6211
667,IN_8904293723153,Instant Coffee Chicory Mixture,UK_5011546415499,Nescafe Original,0.6699
668,IN_8901030974618,BRU Gold,UK_7613287005700,Alta rica gold blend,0.5836
669,IN_8908002359107,Minerva Coffee Kaapi Premiere,UK_8445290856272,Coffee Mate,0.5442
670,IN_96831434,Continental This is Caramel coffee,UK_8445290856296,Coffee Mate,0.6036
671,IN_8906002770175,Classic Cold Coffee,UK_7613287959348,Instant Coffee Blend Alta Rica,0.6364
672,IN_8906020580916,ID Instant Filter Coffee Liquid (Bold),UK_5011546415499,Nescafe Original,0.6076
673,IN_8901725006402,Beaten Caffee Powder,UK_7613287959348,Instant Coffee Blend Alta Rica,0.604
674,IN_8908011648414,instant premix coffee,UK_7613287959348,Instant Coffee Blend Alta Rica,0.6613
675,IN_8906144490474,Instant Coffee,UK_8445290856272,Coffee Mate,0.6143
676,IN_4988563400498,instant coffee,UK_5011546415499,Nescafe Original,0.6545
677,IN_8901030986888,Instant,UK_7613287959348,Instant Coffee Blend Alta Rica,0.6787
678,IN_8901058904192,Sunrise,UK_8445290856272,Coffee Mate,0.7294
679,IN_8901058904321,Classic Black Roast,UK_5011546415499,Nescafe Original,0.7059
680,IN_5059603179281,Rage Coffee Dark Chocolate,UK_8445290856272,Coffee Mate,0.5661
681,IN_8998666003027,Cafe Blend,UK_8445290856272,Coffee Mate,0.6303
682,IN_8904293731158,Daily Pour Instant Coffee,UK_7613287959348,Instant Coffee Blend Alta Rica,0.5637
683,IN_8901058016055,Nescafe Classic Instant Coffee,UK_5011546415499,Nescafe Original,0.8068
684,IN_8906150346598,Bevzilla Green Coffee,UK_5011546415499,Nescafe Original,0.5916
685,IN_3265490008012,Unknown Product,UK_5900085011937,Unknown Product,0.4907
686,IN_8901030717253,Unknown Product,UK_7613287959348,Instant Coffee Blend Alta Rica,0.6689
687,IN_4260302890082,Fellows Blend Espresso,UK_7613287959348,Instant Coffee Blend Alta Rica,0.5154
688,IN_8901058895322,Nescafe Sunrise,UK_5011546415499,Nescafe Original,0.7881
689,IN_2000000133525,Continental Strong,UK_5053827186797,Nutri-Grain Strawberry,0.576
690,IN_8908014388034,Filter Coffee Liquid Brew,UK_5011546415567,Nescafé Decaff,0.4997
691,IN_8904132917552,Kaffe Instant Blend 50g pp,UK_7613287005700,Alta rica gold blend,0.5542
692,IN_8901036393185,Malgudi fresh filter coffee,UK_7613287005700,Alta rica gold blend,0.589
693,IN_8906031932674,Extra Strong Instant Coffee,UK_7613287959348,Instant Coffee Blend Alta Rica,0.6166
694,IN_89080153,Maggi masala magic,UK_7613036483063,Mixed Herbs,0.7665
695,IN_8901725123123,iodized salt,UK_8445290163738,Sweet &quot,0.4787
696,IN_0846203004885,BAKARWADI,UK_8445290163738,Sweet &quot,0.6059
697,IN_89080672,Masala ae magic,UK_5000243678702,Authentic Indian Masala Chilli Sauce,0.6101
698,IN_8904004400014,Bhujia Sev,UK_7613035236004,Cajun,0.5945
699,IN_8906066202476,Keya Piri Piri,UK_7613035531543,Maggi Sizzling 'n' spicy PIRI PIRI MAKE IT JUICY I,0.721
700,IN_0840222000149,LG Hing Powder (asafoetida),UK_21107443,Fanta Lemon,0.4615
701,IN_8901786061006,Unknown Product,UK_8445290922786,Sweet Teriyaki,0.5937
702,IN_8901786161003,Chicken masala Spice Mix,UK_5000243678702,Authentic Indian Masala Chilli Sauce,0.596
703,IN_8901662025061,Chat Masala,UK_8445290922786,Sweet Teriyaki,0.6072
704,IN_8904004400069,Halirams Bhujiya sev 1kg,UK_8904063211125,Aloo Tikki,0.5529
705,IN_8901725125141,Chilli powder,UK_8445290163752,Sweet Chilli Bag,0.5397
706,IN_8902901222517,Ajwain,UK_8445291140950,Air Fryer Fajita,0.49
707,IN_8906190331516,Yojak Konkani Thecha,UK_8888056603862,The Original Chicken Flavour,0.4743
708,IN_8906021121156,Garam Masala,UK_5000243678702,Authentic Indian Masala Chilli Sauce,0.5128
709,IN_8906066206115,Piri Piri Spice Mix,UK_7613035531543,Maggi Sizzling 'n' spicy PIRI PIRI MAKE IT JUICY I,0.7437
710,IN_8904109465826,Chyawanprash with Saffron,UK_7613036483063,Mixed Herbs,0.5054
711,IN_8906030992099,Chach Masala,UK_5000243678702,Authentic Indian Masala Chilli Sauce,0.5905
712,IN_8906021123105,Turmeric Powder/ Haldi,UK_5012427212503,"Soup, Root Vegetable & Turmeric",0.4696
713,IN_8902901231373,Good Life hing,UK_5900643048528,Danio serek waniliowy,0.4543
714,IN_8904209304087,Chilli Powder,UK_5000243678702,Authentic Indian Masala Chilli Sauce,0.6216
715,IN_8903023005903,Vedaka Red Chilli,UK_5019378002351,fresh chilli jam,0.5665
716,IN_8906021120449,Aachi chicken masala,UK_5000243678702,Authentic Indian Masala Chilli Sauce,0.5889
717,IN_8906033531394,Snapin Chilli Flakes,UK_7613033743016,Mashed potato flakes,0.5688
718,IN_8906021120678,Aachi,UK_8445291140950,Air Fryer Fajita,0.5673
719,IN_3948537078321,Daawat Biryani Kit Hyderabadi,UK_8445290922786,Sweet Teriyaki,0.6694
720,IN_0000101403187,Ginger,UK_0652655001156,Dark Chocolate Ginger,0.5943
721,IN_8908001105446,The Only Cinnamon Powder you need,UK_8445290163738,Sweet &quot,0.515
722,IN_8906056740025,Chicken Masala,UK_5000243678702,Authentic Indian Masala Chilli Sauce,0.6088
723,IN_8906021121859,Kulambu Chilli Masala,UK_5000243678702,Authentic Indian Masala Chilli Sauce,0.6961
724,IN_8904238400187,Chicken 65 Masala,UK_5000243678702,Authentic Indian Masala Chilli Sauce,0.6165
725,IN_8906001052005,Spice Mix for Paneer Butter Masala,UK_8445290163714,Butter chicken,0.5808
726,IN_8908001105231,On1y Chilli Flakes,UK_8445291140950,Air Fryer Fajita,0.571
727,IN_8904209302137,aachi,UK_8445290163738,Sweet &quot,0.5255
728,IN_8906021122436,Black Pepper Powder,UK_8445291140950,Air Fryer Fajita,0.5943
729,IN_8902901222227,Good life chilli powder,UK_5052003557963,THREE BEAN CHILLI,0.5528
730,IN_8901662037828,CHICKEN BIRYANI MIX,UK_8445290163714,Butter chicken,0.6497
731,IN_8902167000317,Black Pepper Powder,UK_5449000060501,Dr Pepper 8X330ml ..,0.5715
732,IN_8901440013099,Eastern Chicken Masala,UK_5000243678702,Authentic Indian Masala Chilli Sauce,0.5982
733,IN_8901440023166,Turmeric Powder,UK_5060402909207,Mars Whey Protein Powder,0.4968
734,IN_8904209322067,Aachi Mixed Masala Powder,UK_8445290922786,Sweet Teriyaki,0.5957
735,IN_9825809935039,Lajawab Panipuri Masala,UK_8445290922786,Sweet Teriyaki,0.6225
736,IN_8903023281727,More Choice Chilli Red Long,UK_5019378002351,fresh chilli jam,0.4967
737,IN_8906044920231,Hallmark Byadgi Chilli Stemless,UK_5060092693813,Chilli Jam,0.4533
738,IN_8836473163230,Keya Pizza Oregano Spice Mix,UK_8445290922786,Sweet Teriyaki,0.6005
739,IN_8904043927428,Tata Sampann Chaat Masala,UK_8445290922786,Sweet Teriyaki,0.6272
740,IN_8901537074354,brown rice,UK_5050083393624,Rice Krispies,0.5314
741,IN_8904043902326,Poha Flaked Rice,UK_5997523315559,Cup Noodles Soba Wok Style Teriyaki,0.5504
742,IN_0690225101103,India gate super Basmati rice 1.5 kg,UK_5050083393624,Rice Krispies,0.5015
743,IN_8901537074934,Dawat pulav basmati rice 500g,UK_9060299485309,itsu rice noodles chilli miso,0.5451
744,IN_8901537007123,Dwt rozana supr basmati rice 1 kg,UK_5060058332725,Cereals 4 x (500g),0.4547
745,IN_8901537074231,Daawat pulav basmati rice 1kg,UK_5060262485286,Rice noodles Satay flavour,0.4801
746,IN_0690225101134,India Gate Basmati Rice Dubar,UK_4056489755654,Katsu Curry Rice Pot,0.5133
747,IN_8906008812817,poha (thick),UK_5050083545221,Coco pops,0.5635
748,IN_8904083504870,24 Mantra Puffed Rice,UK_5059319024165,rice crispies,0.4911
749,IN_8901537007116,Daawat Rozana Basmati Rice,UK_5997523315559,Cup Noodles Soba Wok Style Teriyaki,0.4987
750,IN_0690225309134,Pulav Basmati Rice,UK_5060262485286,Rice noodles Satay flavour,0.5149
751,IN_8905532000400,Bharat Rice,UK_5060430291909,Spanish butter bean stew,0.541
752,IN_8906008811766,Punjabi Khichdi,UK_5997523315559,Cup Noodles Soba Wok Style Teriyaki,0.5489
753,IN_8939997880796,Sona Raw Rice,UK_5059319024165,rice crispies,0.5271
754,IN_8904293725041,Queen's Choice MOGRA BASMATI RICE,UK_5059319024479,Coco Pops,0.5197
755,IN_8901537078314,Biryani Kit Lucknowi,UK_5997523315559,Cup Noodles Soba Wok Style Teriyaki,0.6028
756,IN_8906012230119,Vijay Gold Poha Medium,UK_5060088701690,Cashew Cookie Raw Fruit & Nut WholefoodBars,0.498
757,IN_8904043902319,Red Rice Aval / Poha,UK_5997523315559,Cup Noodles Soba Wok Style Teriyaki,0.5621
758,IN_8901047001055,Riz basmati,UK_9060299485309,itsu rice noodles chilli miso,0.5256
759,IN_8906084410617,mom chinese fried rice,UK_8851876201549,Instant Rice Noodles,0.5494
760,IN_8904049650580,Riz basmati,UK_5060262485262,Katsu rice noodles cup,0.4972
761,IN_8901537076679,Brown Basmati Rice,UK_5050083393624,Rice Krispies,0.4909
762,IN_2000000146048,AMARA,UK_5059319029702,Rice Krispies,0.4775
763,IN_0690225106948,Mini Mogra Rice,UK_8851876201549,Instant Rice Noodles,0.5667
764,IN_8904064622517,Sona Masuri Rice,UK_5060262485262,Katsu rice noodles cup,0.5353
765,IN_0690225101127,Basmati rice (raw),UK_4056489755654,Katsu Curry Rice Pot,0.5016
766,IN_8906117001775,classic basmati rice,UK_5000118203695,pot noodles bombay bad boy,0.526
767,IN_8908022656071,Biryani basmati rice,UK_5060262485262,Katsu rice noodles cup,0.4909
768,IN_0690225103633,India Gate bsmt Rozana 5kg,UK_5050083393624,Rice Krispies,0.5195
769,IN_8901537021631,DAWAT ROZANA BASMATI RICE MINI MOGRA 5 KG,UK_5997523315559,Cup Noodles Soba Wok Style Teriyaki,0.4782
770,IN_8906007289238,Sona Masuri Supreme  Rice,UK_5050083393624,Rice Krispies,0.5231
771,IN_8904132969995,Good Life HMT Kolam Rice 26 Kg Bag,UK_5050083393624,Rice Krispies,0.5106
772,IN_8908005088660,Shree Akshara Premium Ponni Rice,UK_5050083393624,Rice Krispies,0.5396
773,IN_8904132942660,Good life rice Sona Masuri,UK_5060262485262,Katsu rice noodles cup,0.4823
774,IN_8908015382277,Lalbaba rice,UK_5060262485262,Katsu rice noodles cup,0.565
775,IN_2064659000055,Zero Koshava Rice,UK_8888056603862,The Original Chicken Flavour,0.5774
776,IN_8906167244542,Raw Sonamasuri Rice,UK_5997523315559,Cup Noodles Soba Wok Style Teriyaki,0.4858
777,IN_0690225106467,Sona Masoori Rice,UK_5000118203695,pot noodles bombay bad boy,0.5188
778,IN_7611131150002,Rice,UK_5997523315559,Cup Noodles Soba Wok Style Teriyaki,0.5346
779,IN_8903553601613,Mango Pickle,UK_5000436288350,Tesco Finest Raspberry Conserve,0.5168
780,IN_8904071700031,Masala Banana Chips,UK_0061232201948,Cheese Oatcakes,0.5735
781,IN_8903241110038,Mango Pickle,UK_5000436288350,Tesco Finest Raspberry Conserve,0.5786
782,IN_8903241110076,Pravin Mango Pickle,UK_5000436288350,Tesco Finest Raspberry Conserve,0.5425
783,IN_8903553601460,Mango Pickle,UK_5449000348494,Fanta Mango Flavour,0.5129
784,IN_8903553601491,Ram Bandhu Mango pickle,UK_5000436288350,Tesco Finest Raspberry Conserve,0.5068
785,IN_8901095000451,Society Mango Pickle,UK_5000436288350,Tesco Finest Raspberry Conserve,0.5486
786,IN_8901246003614,Sliced Black Olives,UK_3045320094053,Bitter Orange Fine Sliced Marmalade,0.4722
787,IN_8906001050742,Mixed pickle,UK_3045320094022,Apricot Conserve,0.4908
788,IN_8904246910333,Priya mango pickle,UK_5000436288350,Tesco Finest Raspberry Conserve,0.5209
789,IN_8906001050865,green chilli pickle,UK_5000436288350,Tesco Finest Raspberry Conserve,0.5124
790,IN_8904053502493,Goldiee Mixed Pickle,UK_5000436288350,Tesco Finest Raspberry Conserve,0.4943
791,IN_8904296903101,Lemon pickle,UK_5000436288350,Tesco Finest Raspberry Conserve,0.4894
792,IN_8904264000627,Sparsh Lime Pickle,UK_5000436288350,Tesco Finest Raspberry Conserve,0.5382
793,IN_8903241110984,Pravin Mixed Pickle,UK_5000436288350,Tesco Finest Raspberry Conserve,0.5237
794,IN_8901560141436,Nilon's Green Chilli Pickle,UK_5060092693813,Chilli Jam,0.5549
795,IN_8906147170700,Teju Mixed Pickle,UK_5000436288350,Tesco Finest Raspberry Conserve,0.5632
796,IN_8901560000436,Green chilli pickle,UK_5000436288350,Tesco Finest Raspberry Conserve,0.5941
797,IN_8905507003146,Mixed Pickle,UK_5000436288350,Tesco Finest Raspberry Conserve,0.4942
798,IN_8904246910012,Amla pickle,UK_5000436288350,Tesco Finest Raspberry Conserve,0.5693
799,IN_8906021129961,lemon pickle,UK_5000436288350,Tesco Finest Raspberry Conserve,0.4943
800,IN_8904293721692,Lime Pickle,UK_5012427141407,Veggie Goodness Spicy Parsnip,0.5149
801,IN_8901483002395,Jalapeno Slices,UK_4088600334608,Jalapeño Chilli Jam,0.554
802,IN_8906001050711,Mixed pickle,UK_5000436288350,Tesco Finest Raspberry Conserve,0.5178
803,IN_8901042955094,Mango Sliced Pickles,UK_5000436288350,Tesco Finest Raspberry Conserve,0.5779
804,IN_8906021129992,Aachi Mixed Vegetable Pickle,UK_5000436288350,Tesco Finest Raspberry Conserve,0.4956
805,IN_8905507001050,Imli Tree Red Stuffed Chilli Pickle,UK_5000436288350,Tesco Finest Raspberry Conserve,0.4795
806,IN_8906003656423,Three Mango Ginger Pickle,UK_5060360509235,Activia Mango Kefir,0.5494
807,IN_0630456848415,Honey Beef Pickle,UK_5000436288350,Tesco Finest Raspberry Conserve,0.4728
808,IN_0846597026029,Mixed Pickle,UK_5000157062741,Vegetable Soup,0.5332
809,IN_8904103032017,Mango Pickle,UK_5000436288350,Tesco Finest Raspberry Conserve,0.5724
810,IN_8906020932159,Green Chilli Pickle,UK_5000436288350,Tesco Finest Raspberry Conserve,0.5113
811,IN_8906132960828,Mango pickle,UK_5000436288350,Tesco Finest Raspberry Conserve,0.5685
812,IN_8906132960835,Lime Pickle,UK_5000436288350,Tesco Finest Raspberry Conserve,0.5576
813,IN_3297387000137,Achard legumes,UK_4056489223368,Eis Mandel 6er Pack,0.4642
814,IN_8901095000475,Sweet and spicy mango pickle,UK_5449000348494,Fanta Mango Flavour,0.572
815,IN_8906021128735,Mango Ginger Pickle,UK_5000436288350,Tesco Finest Raspberry Conserve,0.5192
816,IN_8906033951369,Gongura Red Chilli Pickle,UK_5000436288350,Tesco Finest Raspberry Conserve,0.5863
817,IN_8908005754022,Mango Pickle,UK_5000436288350,Tesco Finest Raspberry Conserve,0.5227
818,IN_8906095480920,Appe Midi Pickle,UK_5000436288350,Tesco Finest Raspberry Conserve,0.4536
819,IN_8906081949936,Halkidiki Olives Greek Stuffed With Jalapenos,UK_5012427212404,"Super Good Pea, Broccoli and Basil Pesto",0.556
820,IN_8904288612028,Mixed pickles,UK_5060088701690,Cashew Cookie Raw Fruit & Nut WholefoodBars,0.5376
821,IN_8901483011960,"Gherkins, Premium Canadian Style Baby Dill",UK_5010975030020,Tunnocks Teacakes Chocolate 6pk,0.4599
822,IN_8906074081988,Chettinad Kara Kuzhambu,UK_5060088701690,Cashew Cookie Raw Fruit & Nut WholefoodBars,0.5242
823,IN_8906090400923,KERDA PICKLE,UK_5000436288350,Tesco Finest Raspberry Conserve,0.5456
824,IN_8904071302419,Sweet mango pickle,UK_5000436288350,Tesco Finest Raspberry Conserve,0.6101
825,IN_8939117991388,Garlic Pickle,UK_5000436288350,Tesco Finest Raspberry Conserve,0.5058
826,IN_8906108640631,Mixed Pickle,UK_5000436288350,Tesco Finest Raspberry Conserve,0.4894
827,IN_8908005144014,Multigain energy bar,UK_5060088701607,Cashew Cookie Fruit & Nut Bar,0.5621
828,IN_8908005144359,Breakfast protein bar,UK_5060088701607,Cashew Cookie Fruit & Nut Bar,0.6334
829,IN_8908005144366,Breakfast Protein Bar Apricot Fig,UK_5060088701607,Cashew Cookie Fruit & Nut Bar,0.67
830,IN_8410076601445,Nature valley crunchy,UK_5053827186797,Nutri-Grain Strawberry,0.6721
831,IN_8906009532998,Nutrition Bar,UK_5053827186797,Nutri-Grain Strawberry,0.6215
832,IN_8906009079707,Fruit And Nut Energy Bar,UK_5060088701607,Cashew Cookie Fruit & Nut Bar,0.7141
833,IN_8906009531236,RiteBite Nutrition Bar,UK_5050083451751,Squares,0.6133
834,IN_8908005144441,Breakfast protein Bar,UK_5050083542787,NUTRI-GRAIN Strawberry,0.6046
835,IN_8904335602064,Yoga bar Breakfast Protein Bar,UK_5060088701607,Cashew Cookie Fruit & Nut Bar,0.5904
836,IN_0787099843700,Crunchy Granola Bar,UK_5059319016481,Crunchy Oat Granola Dark Chocolate Curls,0.7022
837,IN_8480024754288,Barritas de platano y chocolate,UK_7613034872630,Yorkie,0.5899
838,IN_8906080604133,Protein Crunch,UK_5059319022437,Crunchy Nut Clusters Chocolate,0.6169
839,IN_8901595873258,Smith & Jones Ginger Garlic Paste,UK_5012427141209,Carrot & butter bean,0.5347
840,IN_5000232192202,FOOD,UK_5012262004516,Honeycomb Real Dairy Ice Cream,0.5676
841,IN_8906080604676,Paper boat Indigo exclusive mango basil,UK_27563571,Fruity & tangy pineapple juice,0.6077
842,IN_4800024572509,pineapple slices,UK_5449000089359,Pineapple And Grapefruit Soda,0.619
843,IN_8906020580350,iD Fresh Frozen Pineapple Pulp,UK_5000112673944,Pineapple & Grapefruit,0.5504
844,IN_8901030902369,Knorr hot & sour veg soup,UK_5000157062864,Heinz Big Soup Chunky Veg,0.6427
845,IN_8901030902383,Manchow Veg,UK_8712566479528,intense rich beef,0.7121
846,IN_8901595971244,Ching's Hot and sour,UK_00816243,Mexican-style Chilli & Bean Soup,0.6243
847,IN_8901595971220,Manchow instant soup,UK_5060430292845,Power Soup,0.6525
848,IN_8901030900112,Hot and sour vegetable soup,UK_5056053308704,rustic vegetable soup,0.7235
849,IN_8901030921636,knorr cream of Broccoli,UK_01679793,Cream Of Tomato Soup,0.6499
850,IN_8901030900105,knorr Thick tomato soup,UK_5000157146816,Creamy Tomato Soup,0.6992
851,IN_8901030900297,knorr hong kong manchow soup,UK_5014276432705,Wakame Miso Soup Paste 5 Sachets,0.6608
852,IN_8901595971237,Sweet Corn Veg Instant Soup,UK_5060430292845,Power Soup,0.6943
853,IN_8901030757501,Knorr,UK_8712566479528,intense rich beef,0.6909
854,IN_8901030900303,International Mexican Tomato Corn Soup,UK_00816243,Mexican-style Chilli & Bean Soup,0.7174
855,IN_8901030555442,Hot & Sour Veg Cup a Soup,UK_5000157062864,Heinz Big Soup Chunky Veg,0.6747
856,IN_8901030900150,Knorr soup,UK_8712566479528,intense rich beef,0.6739
857,IN_8901030518232,Cup-a-Soup Sweet Corn Veg,UK_5000157062864,Heinz Big Soup Chunky Veg,0.6623
858,IN_8901595961412,Hot and sour soup,UK_5060430292845,Power Soup,0.6703
859,IN_8906097592911,goodeatz Lentil Soup,UK_5000157062734,Lentil Soup heinz,0.8095
860,IN_8906108530802,sweet corn soup,UK_5036589255475,Leek & Potato Soup,0.684
861,IN_7108326644922,Pumpkin & Lentil Soup,UK_5034124007725,thai Green vegetables,0.7242
862,IN_8901030743146,sweet corn veg soup,UK_5056053305802,Vegetable soup,0.7211
863,IN_8901725007102,Bingo,UK_5031021069665,Scottish Rough Oatcakes,0.4751
864,IN_8901725007508,Bingo! Potato Chips Chilli Sprinkled,UK_5059697770203,Salt & pepper crackers,0.5176
865,IN_8901725016838,Aashirvaad Superior MP Atta,UK_5059319002781,frosted Wheats,0.5247
866,IN_8901725004682,farmlite oats & chocolate Cookies,UK_5059320001452,Oaties Honey & Oat,0.6288
867,IN_8901725007096,Potato Chips Salted,UK_5059319024165,rice crispies,0.5232
868,IN_8901725100131,B Natural Orange Juice 1ltr tpk,UK_5449000031341,Coc Cola Zero 8pk,0.6123
869,IN_8901725016562,Sunfeast 5-grain Digestive,UK_5063334010621,Digestives,0.6702
870,IN_8901725121747,Superior MP Atta,UK_5059319002781,frosted Wheats,0.4579
871,IN_8901725015435,Sunfeast Marie Light Vita Orange,UK_4017100287343,CHOCO LEIBNIZ Dark,0.5873
872,IN_8901725135218,sunfeast yippe,UK_5060262485309,Rice noodles chilli miso,0.542
873,IN_8909081001499,Jelimals,UK_5060139431545,Real Fruit Yoyos Strawberry Family Pack,0.592
874,IN_8901725100063,B Natural apple juice 1ltr tpk,UK_5449000031341,Coc Cola Zero 8pk,0.5908
875,IN_8901725001070,Aashirvaad Double Roasted Suji Rava,UK_5010029000504,Whole wheat cereal with added vitamins and iron. 12 Biscuits,0.4912
876,IN_8909081006197,Coconut Water with Litchi,UK_5449000119056,Fanta Shokata,0.5509
877,IN_8901725121754,Aashirvaad,UK_5059319002781,frosted Wheats,0.5441
878,IN_8906065169374,ITC Master Chef Classic Aloo Tikki,UK_5012427141407,Veggie Goodness Spicy Parsnip,0.5475
879,IN_8906065169510,Lebanese Falafel Kebab,UK_5060360509235,Activia Mango Kefir,0.4843
880,IN_8901262172448,Amul Chocolate Brownie,UK_8901262177191,Cassatta Ice Cream,0.7154
881,IN_8901262174114,King Alphonso Gold Ice Cream,UK_00333047,Cornish Dairy Ice Cream,0.7269
882,IN_8901262173490,Vanilla ice cream,UK_00333047,Cornish Dairy Ice Cream,0.7305
883,IN_8901262173483,Amul Fruit 'N' Nut Fantasy,UK_8901262177191,Cassatta Ice Cream,0.7339
884,IN_8901262175845,Icecream,UK_8901262177191,Cassatta Ice Cream,0.805
885,IN_8901262173599,Amul Rajbhog,UK_5000169263594,Madagascan Vanilla Ice Cream,0.7158
886,IN_8901262152242,Amul Kool Badam Flv 180ml,UK_3057640229138,Eau Volvic,0.5328
887,IN_8901262300612,Tender Coconut,UK_8901262177191,Cassatta Ice Cream,0.743
888,IN_8901262152181,Dark Chocolate Milk,UK_8901262177191,Cassatta Ice Cream,0.6102
889,IN_8901262200677,amul masti dahi,UK_8901262177191,Cassatta Ice Cream,0.528
890,IN_8901262030878,Amul cow ghee 1ltr,UK_8901262177191,Cassatta Ice Cream,0.486
891,IN_8901262177122,Tricone Butterscotch,UK_8901262177191,Cassatta Ice Cream,0.6705
892,IN_8901262260114,Gold Milky Milk,UK_5060402903854,Milky way chocolate milkshake,0.6537
893,IN_8901262178068,Choco Almond N' Kesar Badam Double Sundae,UK_5000169263594,Madagascan Vanilla Ice Cream,0.7007
894,IN_8901262201124,Amul Masti Dahi,UK_5060360506166,Activia Rhubarb Yogurt,0.6357
895,IN_8901262020091,Cheese Cube,UK_3073780918763,Mini Original,0.6193
896,IN_8901262030366,AMUL PURE GHEE,UK_8901262010207,Butter School Pack,0.5921
897,IN_8901262030519,Amul Cow Ghee,UK_8901262177191,Cassatta Ice Cream,0.4814
898,IN_8901262010436,Amul White Unsalted Butter,UK_8901262010207,Butter School Pack,0.814
899,IN_8901262176224,Amul Chocobar Probiotic,UK_8901262177191,Cassatta Ice Cream,0.6221
900,IN_8901262173421,Moroccon Dry Fruit,UK_5060360505053,Simply Fruits & Veg,0.5247
901,IN_8901262153300,Try Nutrition,UK_8901262177191,Cassatta Ice Cream,0.5004
902,IN_8901262174138,Gold Cookies N Cream,UK_8901262177191,Cassatta Ice Cream,0.6065
903,IN_8901262150989,Amul Gold 1ltr,UK_5010346000010,Evaporated milk,0.551
904,IN_8901262130325,Amul Pro Chocolate 500g pp,UK_5029396003292,Curiosity Cola,0.6338
905,IN_8901262178075,Chocolate Magic Sundae,UK_5060402903953,Snickers ice cream,0.6995
906,IN_8901262030564,Cow Ghee,UK_8901262010207,Butter School Pack,0.7364
907,IN_8901262220552,Chocolate Cookies,UK_8445291254107,Cookie Crisp,0.6732
908,IN_8901262173223,Butterscotch Bliss,UK_00333047,Cornish Dairy Ice Cream,0.6611
909,IN_8901262020299,Pure Milk Cheese,UK_5052449483161,ORIGINAL CREAMY SOFT CHEESE,0.6305
910,IN_8901262176446,Pista malai kulfi,UK_8901262177191,Cassatta Ice Cream,0.7651
911,IN_8901262030458,Ghee,UK_8901262010207,Butter School Pack,0.7156
912,IN_8901262120029,Mithai Mate,UK_8901262177191,Cassatta Ice Cream,0.493
913,IN_8901262300513,Fruit & Nut Fantasy Gold,UK_1056337905579,Mars Fruit And Nut,0.4968
914,IN_8901262020541,Amul diced cheese blend (mozzarella and cheddar cheese blend),UK_3073780225960,Mini Original,0.5951
915,IN_8901262070430,Amul,UK_7613036241755,Munchies,0.6479
916,IN_8901262260152,Slim 'n' Trim,UK_5060360507675,Getpro Vanilla Protein drink,0.4983
917,IN_8901262150118,Amul Fresh Cream 1ltr,UK_8901262177191,Cassatta Ice Cream,0.613
918,IN_8901262201001,Amul Spiced Buttermilk,UK_8901262010207,Butter School Pack,0.6514
919,IN_8901262030663,amul cow ghee,UK_8901262010207,Butter School Pack,0.7233
920,IN_8901262178259,Ice Cream Sandwich Vanilla,UK_8901262177191,Cassatta Ice Cream,0.6801
921,IN_8901262260138,Taaza Milk,UK_8901262177191,Cassatta Ice Cream,0.6142
922,IN_8901262300117,Chocolate Crackle Ice cream,UK_00333047,Cornish Dairy Ice Cream,0.7049
923,IN_8904004408164,Haldiram's Pasta,UK_00322768,Medium Egg Noodles,0.6565
924,IN_8904004403053,Udad Papad,UK_8904063211125,Aloo Tikki,0.6307
925,IN_8904004400090,Soya chips,UK_5053827186797,Nutri-Grain Strawberry,0.5552
926,IN_8904063226402,Chips,UK_8904063224101,Millet Cookies,0.5199
927,IN_8901030779312,Lipton Green Tea,UK_4060800134592,Pepsi Max Multipack,0.6755
